{"offline_id": "2c7d62d7d3a648ec9774185d3e100334", "project_name": "yolov5", "start_time": 1714001400599, "stop_time": 1714001409701, "tags": [], "workspace": null, "resume_strategy": "create", "customer_error_reported": true, "customer_error_message": "Unexpected error detected in the user script: OutOfMemoryError('CUDA out of memory. Tried to allocate 20.00 MiB. GPU 0 has a total capacty of 10.75 GiB of which 16.50 MiB is free. Including non-PyTorch memory, this process has 10.73 GiB memory in use. Of the allocated memory 10.38 GiB is allocated by PyTorch, and 145.24 MiB is reserved by PyTorch but unallocated. If reserved but unallocated memory is large try setting max_split_size_mb to avoid fragmentation.  See documentation for Memory Management and PYTORCH_CUDA_ALLOC_CONF')", "user_provided_experiment_key": false, "comet_start_sourced": false}