{"payload":{"installed_packages":["absl-py==2.1.0","ansible==7.2.0","ansible-core==2.15.3","asttokens==2.4.1","attrs==23.2.0","certifi==2024.2.2","cffi==1.15.1","charset-normalizer==2.1.0","comet-ml==3.40.0","comm==0.2.1","configobj==5.0.8","contourpy==1.2.0","cryptography==37.0.2","cycler==0.12.1","debugpy==1.8.0","decorator==5.1.1","dulwich==0.21.7","everett==3.1.0","executing==2.0.1","filelock==3.13.1","fonttools==4.47.2","fsspec==2023.12.2","gitdb==4.0.11","gitpython==3.1.41","grpcio==1.62.2","idna==3.4","ipykernel==6.29.0","ipython==8.20.0","jedi==0.19.1","jinja2==3.1.3","jsonschema==4.21.1","jsonschema-specifications==2023.12.1","jupyter_client==8.6.0","jupyter_core==5.7.1","kiwisolver==1.4.5","lxml==4.9.2","markdown==3.6","markdown-it-py==3.0.0","markupsafe==2.1.4","matplotlib==3.8.2","matplotlib-inline==0.1.6","mdurl==0.1.2","mpmath==1.3.0","nest-asyncio==1.6.0","networkx==3.2.1","numpy==1.26.3","nvidia-cublas-cu12==12.1.3.1","nvidia-cuda-cupti-cu12==12.1.105","nvidia-cuda-nvrtc-cu12==12.1.105","nvidia-cuda-runtime-cu12==12.1.105","nvidia-cudnn-cu12==8.9.2.26","nvidia-cufft-cu12==11.0.2.54","nvidia-curand-cu12==10.3.2.106","nvidia-cusolver-cu12==11.4.5.107","nvidia-cusparse-cu12==12.1.0.106","nvidia-nccl-cu12==2.18.1","nvidia-nvjitlink-cu12==12.3.101","nvidia-nvtx-cu12==12.1.105","opencv-python==4.9.0.80","packaging==23.2","pandas==2.2.0","parso==0.8.3","pexpect==4.9.0","pillow==10.2.0","pip==22.3.1","platformdirs==4.1.0","ply==3.11","prompt-toolkit==3.0.43","protobuf==5.26.1","psutil==5.9.8","psycopg2==2.9.3","ptyprocess==0.7.0","pure-eval==0.2.2","py-cpuinfo==9.0.0","pycparser==2.20","pygments==2.17.2","pyparsing==3.1.1","pysocks==1.7.1","python-box==6.1.0","python-dateutil==2.8.2","pytz==2023.4","pyyaml==6.0","pyzmq==25.1.2","referencing==0.34.0","requests==2.28.1","requests-toolbelt==1.0.0","rich==13.7.1","rpds-py==0.18.0","scipy==1.12.0","seaborn==0.13.2","semantic-version==2.10.0","sentry-sdk==1.45.0","setuptools==65.5.1","simplejson==3.19.2","six==1.16.0","smmap==5.0.1","stack-data==0.6.3","sympy==1.12","tensorboard==2.16.2","tensorboard-data-server==0.7.2","thop==0.1.1-2209072238","torch==2.1.2","torchvision==0.16.2","tornado==6.4","tqdm==4.66.1","traitlets==5.14.1","triton==2.1.0","typing_extensions==4.9.0","tzdata==2023.4","ultralytics==8.1.7","urllib3==1.26.12","wcwidth==0.2.13","websocket-client==1.3.3","werkzeug==3.0.2","wheel==0.38.4","wrapt==1.16.0","wurlitzer==3.0.3"],"local_timestamp":1713996462270,"message_id":1},"type":"ws_msg"}
{"payload":{"env_details":{"command":["train.py","--data","../dataset1/data.yaml","--weights","yolov5l.pt","--img","640","--epochs","50","--batch-size","24","--name","dataset1_e50_b24"],"env":null,"hostname":"eagle-02","ip":"10.131.34.66","machine":"x86_64","os":"Linux-4.18.0-513.24.1.el8_9.x86_64-x86_64-with-glibc2.28","os_release":"4.18.0-513.24.1.el8_9.x86_64","os_type":"Linux","pid":81245,"processor":"x86_64","python_exe":"/usr/bin/python3.11","python_version":"3.11.5","python_version_verbose":"3.11.5 (main, Oct 25 2023, 16:19:59) [GCC 8.5.0 20210514 (Red Hat 8.5.0-20)]","user":"u2103345"},"local_timestamp":1713996462296,"message_id":2},"type":"ws_msg"}
{"payload":{"gpu_static_info":[{"gpu_index":0,"name":"NVIDIA GeForce RTX 2080 Ti","power_limit":250000,"total_memory":11811160064,"uuid":"GPU-ff0ef139-f509-9445-36d6-b90829724d58"}],"local_timestamp":1713996462297,"message_id":3},"type":"ws_msg"}
{"payload":{"local_timestamp":1713996462297,"message_id":4,"metric":{"epoch":null,"metricName":"sys.gpu.0.total_memory","metricValue":11811160064,"step":null}},"type":"metric_msg"}
{"payload":{"local_timestamp":1713996462298,"message_id":5,"param":{"paramName":"data","paramValue":"../dataset1/data.yaml","source":"cli","step":null}},"type":"parameter_msg"}
{"payload":{"local_timestamp":1713996462298,"message_id":6,"param":{"paramName":"weights","paramValue":"yolov5l.pt","source":"cli","step":null}},"type":"parameter_msg"}
{"payload":{"local_timestamp":1713996462298,"message_id":7,"param":{"paramName":"img","paramValue":640,"source":"cli","step":null}},"type":"parameter_msg"}
{"payload":{"local_timestamp":1713996462298,"message_id":8,"param":{"paramName":"epochs","paramValue":50,"source":"cli","step":null}},"type":"parameter_msg"}
{"payload":{"local_timestamp":1713996462299,"message_id":9,"param":{"paramName":"batch-size","paramValue":24,"source":"cli","step":null}},"type":"parameter_msg"}
{"payload":{"local_timestamp":1713996462299,"message_id":10,"param":{"paramName":"name","paramValue":"dataset1_e50_b24","source":"cli","step":null}},"type":"parameter_msg"}
{"payload":{"local_timestamp":1713996462299,"log_other":{"key":"offline_experiment","val":true},"message_id":11},"type":"ws_msg"}
{"payload":{"local_timestamp":1713996462299,"log_other":{"key":"Name","val":"dataset1_e50_b24"},"message_id":12},"type":"ws_msg"}
{"payload":{"local_timestamp":1713996462303,"message_id":13,"metric":{"epoch":null,"metricName":"sys.gpu.0.gpu_utilization","metricValue":0,"step":null}},"type":"metric_msg"}
{"payload":{"local_timestamp":1713996462303,"message_id":14,"metric":{"epoch":null,"metricName":"sys.gpu.0.power_usage","metricValue":9579,"step":null}},"type":"metric_msg"}
{"payload":{"local_timestamp":1713996462303,"message_id":15,"metric":{"epoch":null,"metricName":"sys.gpu.0.temperature","metricValue":59,"step":null}},"type":"metric_msg"}
{"payload":{"local_timestamp":1713996462303,"message_id":16,"metric":{"epoch":null,"metricName":"sys.gpu.0.memory_utilization","metricValue":0,"step":null}},"type":"metric_msg"}
{"payload":{"local_timestamp":1713996462303,"message_id":17,"metric":{"epoch":null,"metricName":"sys.gpu.0.free_memory","metricValue":11543248896,"step":null}},"type":"metric_msg"}
{"payload":{"local_timestamp":1713996462303,"message_id":18,"metric":{"epoch":null,"metricName":"sys.gpu.0.used_memory","metricValue":267911168,"step":null}},"type":"metric_msg"}
{"payload":{"local_timestamp":1713996462303,"message_id":19,"metric":{"epoch":null,"metricName":"sys.gpu.0.percent.used_memory","metricValue":2.268288352272727,"step":null}},"type":"metric_msg"}
{"payload":{"additional_params":{"assetId":"614d3ef8cd8b40c092fd3e613c4aa0f4","context":null,"extension":"yaml","fileName":"data.yaml","overwrite":false,"runId":null,"step":null},"clean":true,"file_path":"tmpwddg2br0","local_timestamp":1713996462304,"message_id":20,"metadata":{"type":"data-config-file"},"upload_type":"asset"},"type":"file_upload"}
{"payload":{"local_timestamp":1713996462308,"log_other":{"key":"Created from","val":"YOLOv5"},"message_id":21},"type":"ws_msg"}
{"payload":{"local_timestamp":1713996462309,"log_other":{"key":"hasNestedParams","val":true},"message_id":22},"type":"ws_msg"}
{"payload":{"local_timestamp":1713996462309,"message_id":23,"param":{"paramName":"artifact_alias","paramValue":"latest","source":"manual","step":null}},"type":"parameter_msg"}
{"payload":{"local_timestamp":1713996462309,"message_id":24,"param":{"paramName":"batch_size","paramValue":24,"source":"manual","step":null}},"type":"parameter_msg"}
{"payload":{"local_timestamp":1713996462309,"message_id":25,"param":{"paramName":"bbox_interval","paramValue":-1,"source":"manual","step":null}},"type":"parameter_msg"}
{"payload":{"local_timestamp":1713996462309,"message_id":26,"param":{"paramName":"bucket","paramValue":"","source":"manual","step":null}},"type":"parameter_msg"}
{"payload":{"local_timestamp":1713996462309,"message_id":27,"param":{"paramName":"cache","paramValue":null,"source":"manual","step":null}},"type":"parameter_msg"}
{"payload":{"local_timestamp":1713996462309,"message_id":28,"param":{"paramName":"cfg","paramValue":"","source":"manual","step":null}},"type":"parameter_msg"}
{"payload":{"local_timestamp":1713996462309,"message_id":29,"param":{"paramName":"cos_lr","paramValue":false,"source":"manual","step":null}},"type":"parameter_msg"}
{"payload":{"local_timestamp":1713996462310,"message_id":30,"param":{"paramName":"device","paramValue":"","source":"manual","step":null}},"type":"parameter_msg"}
{"payload":{"local_timestamp":1713996462310,"message_id":31,"param":{"paramName":"entity","paramValue":null,"source":"manual","step":null}},"type":"parameter_msg"}
{"payload":{"local_timestamp":1713996462310,"message_id":32,"param":{"paramName":"evolve","paramValue":null,"source":"manual","step":null}},"type":"parameter_msg"}
{"payload":{"local_timestamp":1713996462310,"message_id":33,"param":{"paramName":"evolve_population","paramValue":"data/hyps","source":"manual","step":null}},"type":"parameter_msg"}
{"payload":{"local_timestamp":1713996462310,"message_id":34,"param":{"paramName":"exist_ok","paramValue":false,"source":"manual","step":null}},"type":"parameter_msg"}
{"payload":{"local_timestamp":1713996462310,"message_id":35,"params":{"paramName":"freeze","paramValue":[0],"source":"manual","step":null}},"type":"parameter_msg"}
{"payload":{"local_timestamp":1713996462310,"message_id":36,"param":{"paramName":"hyp|anchor_t","paramValue":4.0,"source":"manual","step":null}},"type":"parameter_msg"}
{"payload":{"local_timestamp":1713996462310,"message_id":37,"param":{"paramName":"hyp|box","paramValue":0.05,"source":"manual","step":null}},"type":"parameter_msg"}
{"payload":{"local_timestamp":1713996462310,"message_id":38,"param":{"paramName":"hyp|cls","paramValue":0.5,"source":"manual","step":null}},"type":"parameter_msg"}
{"payload":{"local_timestamp":1713996462310,"message_id":39,"param":{"paramName":"hyp|cls_pw","paramValue":1.0,"source":"manual","step":null}},"type":"parameter_msg"}
{"payload":{"local_timestamp":1713996462310,"message_id":40,"param":{"paramName":"hyp|copy_paste","paramValue":0.0,"source":"manual","step":null}},"type":"parameter_msg"}
{"payload":{"local_timestamp":1713996462310,"message_id":41,"param":{"paramName":"hyp|degrees","paramValue":0.0,"source":"manual","step":null}},"type":"parameter_msg"}
{"payload":{"local_timestamp":1713996462310,"message_id":42,"param":{"paramName":"hyp|fl_gamma","paramValue":0.0,"source":"manual","step":null}},"type":"parameter_msg"}
{"payload":{"local_timestamp":1713996462310,"message_id":43,"param":{"paramName":"hyp|fliplr","paramValue":0.5,"source":"manual","step":null}},"type":"parameter_msg"}
{"payload":{"local_timestamp":1713996462310,"message_id":44,"param":{"paramName":"hyp|flipud","paramValue":0.0,"source":"manual","step":null}},"type":"parameter_msg"}
{"payload":{"local_timestamp":1713996462310,"message_id":45,"param":{"paramName":"hyp|hsv_h","paramValue":0.015,"source":"manual","step":null}},"type":"parameter_msg"}
{"payload":{"local_timestamp":1713996462310,"message_id":46,"param":{"paramName":"hyp|hsv_s","paramValue":0.7,"source":"manual","step":null}},"type":"parameter_msg"}
{"payload":{"local_timestamp":1713996462310,"message_id":47,"param":{"paramName":"hyp|hsv_v","paramValue":0.4,"source":"manual","step":null}},"type":"parameter_msg"}
{"payload":{"local_timestamp":1713996462310,"message_id":48,"param":{"paramName":"hyp|iou_t","paramValue":0.2,"source":"manual","step":null}},"type":"parameter_msg"}
{"payload":{"local_timestamp":1713996462310,"message_id":49,"param":{"paramName":"hyp|lr0","paramValue":0.01,"source":"manual","step":null}},"type":"parameter_msg"}
{"payload":{"local_timestamp":1713996462310,"message_id":50,"param":{"paramName":"hyp|lrf","paramValue":0.01,"source":"manual","step":null}},"type":"parameter_msg"}
{"payload":{"local_timestamp":1713996462310,"message_id":51,"param":{"paramName":"hyp|mixup","paramValue":0.0,"source":"manual","step":null}},"type":"parameter_msg"}
{"payload":{"local_timestamp":1713996462310,"message_id":52,"param":{"paramName":"hyp|momentum","paramValue":0.937,"source":"manual","step":null}},"type":"parameter_msg"}
{"payload":{"local_timestamp":1713996462310,"message_id":53,"param":{"paramName":"hyp|mosaic","paramValue":1.0,"source":"manual","step":null}},"type":"parameter_msg"}
{"payload":{"local_timestamp":1713996462310,"message_id":54,"param":{"paramName":"hyp|obj","paramValue":1.0,"source":"manual","step":null}},"type":"parameter_msg"}
{"payload":{"local_timestamp":1713996462310,"message_id":55,"param":{"paramName":"hyp|obj_pw","paramValue":1.0,"source":"manual","step":null}},"type":"parameter_msg"}
{"payload":{"local_timestamp":1713996462310,"message_id":56,"param":{"paramName":"hyp|perspective","paramValue":0.0,"source":"manual","step":null}},"type":"parameter_msg"}
{"payload":{"local_timestamp":1713996462310,"message_id":57,"param":{"paramName":"hyp|scale","paramValue":0.5,"source":"manual","step":null}},"type":"parameter_msg"}
{"payload":{"local_timestamp":1713996462310,"message_id":58,"param":{"paramName":"hyp|shear","paramValue":0.0,"source":"manual","step":null}},"type":"parameter_msg"}
{"payload":{"local_timestamp":1713996462310,"message_id":59,"param":{"paramName":"hyp|translate","paramValue":0.1,"source":"manual","step":null}},"type":"parameter_msg"}
{"payload":{"local_timestamp":1713996462310,"message_id":60,"param":{"paramName":"hyp|warmup_bias_lr","paramValue":0.1,"source":"manual","step":null}},"type":"parameter_msg"}
{"payload":{"local_timestamp":1713996462310,"message_id":61,"param":{"paramName":"hyp|warmup_epochs","paramValue":3.0,"source":"manual","step":null}},"type":"parameter_msg"}
{"payload":{"local_timestamp":1713996462310,"message_id":62,"param":{"paramName":"hyp|warmup_momentum","paramValue":0.8,"source":"manual","step":null}},"type":"parameter_msg"}
{"payload":{"local_timestamp":1713996462310,"message_id":63,"param":{"paramName":"hyp|weight_decay","paramValue":0.0005,"source":"manual","step":null}},"type":"parameter_msg"}
{"payload":{"local_timestamp":1713996462310,"message_id":64,"param":{"paramName":"image_weights","paramValue":false,"source":"manual","step":null}},"type":"parameter_msg"}
{"payload":{"local_timestamp":1713996462310,"message_id":65,"param":{"paramName":"imgsz","paramValue":640,"source":"manual","step":null}},"type":"parameter_msg"}
{"payload":{"local_timestamp":1713996462310,"message_id":66,"param":{"paramName":"label_smoothing","paramValue":0.0,"source":"manual","step":null}},"type":"parameter_msg"}
{"payload":{"local_timestamp":1713996462310,"message_id":67,"param":{"paramName":"local_rank","paramValue":-1,"source":"manual","step":null}},"type":"parameter_msg"}
{"payload":{"local_timestamp":1713996462310,"message_id":68,"param":{"paramName":"multi_scale","paramValue":false,"source":"manual","step":null}},"type":"parameter_msg"}
{"payload":{"local_timestamp":1713996462310,"message_id":69,"param":{"paramName":"ndjson_console","paramValue":false,"source":"manual","step":null}},"type":"parameter_msg"}
{"payload":{"local_timestamp":1713996462310,"message_id":70,"param":{"paramName":"ndjson_file","paramValue":false,"source":"manual","step":null}},"type":"parameter_msg"}
{"payload":{"local_timestamp":1713996462310,"message_id":71,"param":{"paramName":"noautoanchor","paramValue":false,"source":"manual","step":null}},"type":"parameter_msg"}
{"payload":{"local_timestamp":1713996462310,"message_id":72,"param":{"paramName":"noplots","paramValue":false,"source":"manual","step":null}},"type":"parameter_msg"}
{"payload":{"local_timestamp":1713996462310,"message_id":73,"param":{"paramName":"nosave","paramValue":false,"source":"manual","step":null}},"type":"parameter_msg"}
{"payload":{"local_timestamp":1713996462310,"message_id":74,"param":{"paramName":"noval","paramValue":false,"source":"manual","step":null}},"type":"parameter_msg"}
{"payload":{"local_timestamp":1713996462310,"message_id":75,"param":{"paramName":"optimizer","paramValue":"SGD","source":"manual","step":null}},"type":"parameter_msg"}
{"payload":{"local_timestamp":1713996462310,"message_id":76,"param":{"paramName":"patience","paramValue":100,"source":"manual","step":null}},"type":"parameter_msg"}
{"payload":{"local_timestamp":1713996462310,"message_id":77,"param":{"paramName":"project","paramValue":"runs/train","source":"manual","step":null}},"type":"parameter_msg"}
{"payload":{"local_timestamp":1713996462310,"message_id":78,"param":{"paramName":"quad","paramValue":false,"source":"manual","step":null}},"type":"parameter_msg"}
{"payload":{"local_timestamp":1713996462310,"message_id":79,"param":{"paramName":"rect","paramValue":false,"source":"manual","step":null}},"type":"parameter_msg"}
{"payload":{"local_timestamp":1713996462310,"message_id":80,"param":{"paramName":"resume","paramValue":false,"source":"manual","step":null}},"type":"parameter_msg"}
{"payload":{"local_timestamp":1713996462310,"message_id":81,"param":{"paramName":"resume_evolve","paramValue":null,"source":"manual","step":null}},"type":"parameter_msg"}
{"payload":{"local_timestamp":1713996462310,"message_id":82,"param":{"paramName":"save_dir","paramValue":"runs/train/dataset1_e50_b24","source":"manual","step":null}},"type":"parameter_msg"}
{"payload":{"local_timestamp":1713996462310,"message_id":83,"param":{"paramName":"save_period","paramValue":-1,"source":"manual","step":null}},"type":"parameter_msg"}
{"payload":{"local_timestamp":1713996462311,"message_id":84,"param":{"paramName":"seed","paramValue":0,"source":"manual","step":null}},"type":"parameter_msg"}
{"payload":{"local_timestamp":1713996462311,"message_id":85,"param":{"paramName":"single_cls","paramValue":false,"source":"manual","step":null}},"type":"parameter_msg"}
{"payload":{"local_timestamp":1713996462311,"message_id":86,"param":{"paramName":"sync_bn","paramValue":false,"source":"manual","step":null}},"type":"parameter_msg"}
{"payload":{"local_timestamp":1713996462311,"message_id":87,"param":{"paramName":"upload_dataset","paramValue":false,"source":"manual","step":null}},"type":"parameter_msg"}
{"payload":{"local_timestamp":1713996462311,"message_id":88,"param":{"paramName":"workers","paramValue":8,"source":"manual","step":null}},"type":"parameter_msg"}
{"payload":{"local_timestamp":1713996462311,"message_id":89,"param":{"paramName":"anchor_t","paramValue":4.0,"source":"manual","step":null}},"type":"parameter_msg"}
{"payload":{"local_timestamp":1713996462311,"message_id":90,"param":{"paramName":"box","paramValue":0.05,"source":"manual","step":null}},"type":"parameter_msg"}
{"payload":{"local_timestamp":1713996462311,"message_id":91,"param":{"paramName":"cls","paramValue":0.5,"source":"manual","step":null}},"type":"parameter_msg"}
{"payload":{"local_timestamp":1713996462311,"message_id":92,"param":{"paramName":"cls_pw","paramValue":1.0,"source":"manual","step":null}},"type":"parameter_msg"}
{"payload":{"local_timestamp":1713996462311,"message_id":93,"param":{"paramName":"copy_paste","paramValue":0.0,"source":"manual","step":null}},"type":"parameter_msg"}
{"payload":{"local_timestamp":1713996462311,"message_id":94,"param":{"paramName":"degrees","paramValue":0.0,"source":"manual","step":null}},"type":"parameter_msg"}
{"payload":{"local_timestamp":1713996462311,"message_id":95,"param":{"paramName":"fl_gamma","paramValue":0.0,"source":"manual","step":null}},"type":"parameter_msg"}
{"payload":{"local_timestamp":1713996462311,"message_id":96,"param":{"paramName":"fliplr","paramValue":0.5,"source":"manual","step":null}},"type":"parameter_msg"}
{"payload":{"local_timestamp":1713996462311,"message_id":97,"param":{"paramName":"flipud","paramValue":0.0,"source":"manual","step":null}},"type":"parameter_msg"}
{"payload":{"local_timestamp":1713996462311,"message_id":98,"param":{"paramName":"hsv_h","paramValue":0.015,"source":"manual","step":null}},"type":"parameter_msg"}
{"payload":{"local_timestamp":1713996462311,"message_id":99,"param":{"paramName":"hsv_s","paramValue":0.7,"source":"manual","step":null}},"type":"parameter_msg"}
{"payload":{"local_timestamp":1713996462311,"message_id":100,"param":{"paramName":"hsv_v","paramValue":0.4,"source":"manual","step":null}},"type":"parameter_msg"}
{"payload":{"local_timestamp":1713996462311,"message_id":101,"param":{"paramName":"iou_t","paramValue":0.2,"source":"manual","step":null}},"type":"parameter_msg"}
{"payload":{"local_timestamp":1713996462311,"message_id":102,"param":{"paramName":"lr0","paramValue":0.01,"source":"manual","step":null}},"type":"parameter_msg"}
{"payload":{"local_timestamp":1713996462311,"message_id":103,"param":{"paramName":"lrf","paramValue":0.01,"source":"manual","step":null}},"type":"parameter_msg"}
{"payload":{"local_timestamp":1713996462311,"message_id":104,"param":{"paramName":"mixup","paramValue":0.0,"source":"manual","step":null}},"type":"parameter_msg"}
{"payload":{"local_timestamp":1713996462311,"message_id":105,"param":{"paramName":"momentum","paramValue":0.937,"source":"manual","step":null}},"type":"parameter_msg"}
{"payload":{"local_timestamp":1713996462311,"message_id":106,"param":{"paramName":"mosaic","paramValue":1.0,"source":"manual","step":null}},"type":"parameter_msg"}
{"payload":{"local_timestamp":1713996462311,"message_id":107,"param":{"paramName":"obj","paramValue":1.0,"source":"manual","step":null}},"type":"parameter_msg"}
{"payload":{"local_timestamp":1713996462311,"message_id":108,"param":{"paramName":"obj_pw","paramValue":1.0,"source":"manual","step":null}},"type":"parameter_msg"}
{"payload":{"local_timestamp":1713996462311,"message_id":109,"param":{"paramName":"perspective","paramValue":0.0,"source":"manual","step":null}},"type":"parameter_msg"}
{"payload":{"local_timestamp":1713996462311,"message_id":110,"param":{"paramName":"scale","paramValue":0.5,"source":"manual","step":null}},"type":"parameter_msg"}
{"payload":{"local_timestamp":1713996462311,"message_id":111,"param":{"paramName":"shear","paramValue":0.0,"source":"manual","step":null}},"type":"parameter_msg"}
{"payload":{"local_timestamp":1713996462311,"message_id":112,"param":{"paramName":"translate","paramValue":0.1,"source":"manual","step":null}},"type":"parameter_msg"}
{"payload":{"local_timestamp":1713996462311,"message_id":113,"param":{"paramName":"warmup_bias_lr","paramValue":0.1,"source":"manual","step":null}},"type":"parameter_msg"}
{"payload":{"local_timestamp":1713996462311,"message_id":114,"param":{"paramName":"warmup_epochs","paramValue":3.0,"source":"manual","step":null}},"type":"parameter_msg"}
{"payload":{"local_timestamp":1713996462311,"message_id":115,"param":{"paramName":"warmup_momentum","paramValue":0.8,"source":"manual","step":null}},"type":"parameter_msg"}
{"payload":{"local_timestamp":1713996462311,"message_id":116,"param":{"paramName":"weight_decay","paramValue":0.0005,"source":"manual","step":null}},"type":"parameter_msg"}
{"payload":{"additional_params":{"assetId":"511a6d01d8864f149b9c7c6b049c2bf1","context":null,"epoch":null,"extension":"json","fileName":"hyperparameters.json","overwrite":false,"runId":null,"step":null},"clean":true,"file_path":"tmpun80ghkl","local_timestamp":1713996462316,"message_id":117,"metadata":{"type":"hyp-config-file"},"upload_type":"asset"},"type":"file_upload"}
{"payload":{"additional_params":{"assetId":"ddf0a37444dc4d06a4f8cce62251562c","context":null,"extension":"yaml","fileName":"opt.yaml","overwrite":false,"runId":null,"step":null},"clean":true,"file_path":"tmp5xes_oze","local_timestamp":1713996462312,"message_id":118,"metadata":{"type":"opt-config-file"},"upload_type":"asset"},"type":"file_upload"}
{"payload":{"local_timestamp":1713996462312,"message_id":119,"param":{"paramName":"val_conf_threshold","paramValue":0.001,"source":"manual","step":null}},"type":"parameter_msg"}
{"payload":{"local_timestamp":1713996462312,"message_id":120,"param":{"paramName":"val_iou_threshold","paramValue":0.6,"source":"manual","step":null}},"type":"parameter_msg"}
{"payload":{"local_timestamp":1713996462312,"log_other":{"key":"comet_mode","val":"online"},"message_id":121},"type":"ws_msg"}
{"payload":{"local_timestamp":1713996462312,"log_other":{"key":"comet_max_image_uploads","val":100},"message_id":122},"type":"ws_msg"}
{"payload":{"local_timestamp":1713996462312,"log_other":{"key":"comet_log_per_class_metrics","val":false},"message_id":123},"type":"ws_msg"}
{"payload":{"local_timestamp":1713996462312,"log_other":{"key":"comet_log_batch_metrics","val":false},"message_id":124},"type":"ws_msg"}
{"payload":{"local_timestamp":1713996462312,"log_other":{"key":"comet_log_confusion_matrix","val":true},"message_id":125},"type":"ws_msg"}
{"payload":{"local_timestamp":1713996462312,"log_other":{"key":"comet_model_name","val":"yolov5"},"message_id":126},"type":"ws_msg"}
{"payload":{"local_timestamp":1713996462403,"message_id":127,"metric":{"epoch":null,"metricName":"sys.cpu.percent.avg","metricValue":0.0,"step":null}},"type":"metric_msg"}
{"payload":{"local_timestamp":1713996462403,"message_id":128,"metric":{"epoch":null,"metricName":"sys.ram.total","metricValue":66911481856,"step":null}},"type":"metric_msg"}
{"payload":{"local_timestamp":1713996462403,"message_id":129,"metric":{"epoch":null,"metricName":"sys.ram.used","metricValue":2010509312,"step":null}},"type":"metric_msg"}
{"payload":{"local_timestamp":1713996462403,"message_id":130,"metric":{"epoch":null,"metricName":"sys.ram.available","metricValue":64900972544,"step":null}},"type":"metric_msg"}
{"payload":{"local_timestamp":1713996462403,"message_id":131,"metric":{"epoch":null,"metricName":"sys.ram.percent.used","metricValue":3.0,"step":null}},"type":"metric_msg"}
{"payload":{"local_timestamp":1713996462403,"message_id":132,"metric":{"epoch":null,"metricName":"sys.load.avg","metricValue":0.27,"step":null}},"type":"metric_msg"}
{"payload":{"local_timestamp":1713996462604,"message_id":133,"metric":{"epoch":null,"metricName":"sys.disk.root.used","metricValue":24862318592,"step":null}},"type":"metric_msg"}
{"payload":{"local_timestamp":1713996462604,"message_id":134,"metric":{"epoch":null,"metricName":"sys.disk.root.percent.used","metricValue":11.2,"step":null}},"type":"metric_msg"}
{"payload":{"git_meta":{"branch":null,"origin":"https://github.com/ultralytics/yolov5.git","parent":"72749c1ce22f7f3b5a0a632f0dfdba70bea6c762","repo_name":"yolov5","root":"1e84a23f38fad9e52b59101e9f1246d93066ed1e","status":null,"user":"Dilpreet Singh"},"local_timestamp":1713996462788,"message_id":135},"type":"ws_msg"}
{"payload":{"local_timestamp":1713996463493,"message_id":136,"stderr":true,"stdout":"Overriding model.yaml nc=80 with nc=2\n"},"type":"ws_msg"}
{"payload":{"local_timestamp":1713996463493,"message_id":137,"stderr":true,"stdout":"\n                 from  n    params  module                                  arguments                     \n"},"type":"ws_msg"}
{"payload":{"local_timestamp":1713996463523,"message_id":138,"stderr":true,"stdout":"  0                -1  1      7040  models.common.Conv                      [3, 64, 6, 2, 2]              \n"},"type":"ws_msg"}
{"payload":{"local_timestamp":1713996463527,"message_id":139,"stderr":true,"stdout":"  1                -1  1     73984  models.common.Conv                      [64, 128, 3, 2]               \n  2                -1  3    156928  models.common.C3                        [128, 128, 3]                 \n"},"type":"ws_msg"}
{"payload":{"local_timestamp":1713996463549,"message_id":140,"stderr":true,"stdout":"  3                -1  1    295424  models.common.Conv                      [128, 256, 3, 2]              \n"},"type":"ws_msg"}
{"payload":{"local_timestamp":1713996463560,"message_id":141,"stderr":true,"stdout":"  4                -1  6   1118208  models.common.C3                        [256, 256, 6]                 \n  5                -1  1   1180672  models.common.Conv                      [256, 512, 3, 2]              \n"},"type":"ws_msg"}
{"payload":{"local_timestamp":1713996463592,"message_id":142,"stderr":true,"stdout":"  6                -1  9   6433792  models.common.C3                        [512, 512, 9]                 \n"},"type":"ws_msg"}
{"payload":{"local_timestamp":1713996463626,"message_id":143,"stderr":true,"stdout":"  7                -1  1   4720640  models.common.Conv                      [512, 1024, 3, 2]             \n"},"type":"ws_msg"}
{"payload":{"local_timestamp":1713996463666,"message_id":144,"stderr":true,"stdout":"  8                -1  3   9971712  models.common.C3                        [1024, 1024, 3]               \n"},"type":"ws_msg"}
{"payload":{"local_timestamp":1713996463686,"message_id":145,"stderr":true,"stdout":"  9                -1  1   2624512  models.common.SPPF                      [1024, 1024, 5]               \n 10                -1  1    525312  models.common.Conv                      [1024, 512, 1, 1]             \n 11                -1  1         0  torch.nn.modules.upsampling.Upsample    [None, 2, 'nearest']          \n 12           [-1, 6]  1         0  models.common.Concat                    [1]                           \n"},"type":"ws_msg"}
{"payload":{"local_timestamp":1713996463823,"message_id":146,"stderr":true,"stdout":" 13                -1  3   2757632  models.common.C3                        [1024, 512, 3, False]         \n"},"type":"ws_msg"}
{"payload":{"local_timestamp":1713996463823,"message_id":147,"stderr":true,"stdout":" 14                -1  1    131584  models.common.Conv                      [512, 256, 1, 1]              \n 15                -1  1         0  torch.nn.modules.upsampling.Upsample    [None, 2, 'nearest']          \n 16           [-1, 4]  1         0  models.common.Concat                    [1]                           \n"},"type":"ws_msg"}
{"payload":{"local_timestamp":1713996463850,"message_id":148,"stderr":true,"stdout":" 17                -1  3    690688  models.common.C3                        [512, 256, 3, False]          \n 18                -1  1    590336  models.common.Conv                      [256, 256, 3, 2]              \n 19          [-1, 14]  1         0  models.common.Concat                    [1]                           \n"},"type":"ws_msg"}
{"payload":{"local_timestamp":1713996463861,"message_id":149,"stderr":true,"stdout":" 20                -1  3   2495488  models.common.C3                        [512, 512, 3, False]          \n"},"type":"ws_msg"}
{"payload":{"local_timestamp":1713996463876,"message_id":150,"stderr":true,"stdout":" 21                -1  1   2360320  models.common.Conv                      [512, 512, 3, 2]              \n 22          [-1, 10]  1         0  models.common.Concat                    [1]                           \n"},"type":"ws_msg"}
{"payload":{"local_timestamp":1713996463907,"message_id":151,"stderr":true,"stdout":" 23                -1  3   9971712  models.common.C3                        [1024, 1024, 3, False]        \n"},"type":"ws_msg"}
{"payload":{"local_timestamp":1713996463935,"message_id":152,"stderr":true,"stdout":" 24      [17, 20, 23]  1     37695  models.yolo.Detect                      [2, [[10, 13, 16, 30, 33, 23], [30, 61, 62, 45, 59, 119], [116, 90, 156, 198, 373, 326]], [256, 512, 1024]]\n"},"type":"ws_msg"}
{"payload":{"local_timestamp":1713996464527,"message_id":153,"stderr":true,"stdout":"Model summary: 368 layers, 46143679 parameters, 46143679 gradients, 108.2 GFLOPs\n"},"type":"ws_msg"}
{"payload":{"local_timestamp":1713996464527,"message_id":154,"stderr":true,"stdout":"\n"},"type":"ws_msg"}
{"payload":{"local_timestamp":1713996464776,"message_id":155,"stderr":true,"stdout":"Transferred 607/613 items from yolov5l.pt\n"},"type":"ws_msg"}
{"payload":{"local_timestamp":1713996467202,"message_id":156,"stderr":true,"stdout":"\u001b[34m\u001b[1mAMP: \u001b[0mchecks passed \u2705\n"},"type":"ws_msg"}
{"payload":{"local_timestamp":1713996467204,"message_id":157,"stderr":true,"stdout":"\u001b[34m\u001b[1moptimizer:\u001b[0m SGD(lr=0.01) with parameter groups 101 weight(decay=0.0), 104 weight(decay=0.0005625000000000001), 104 bias\n"},"type":"ws_msg"}
{"payload":{"local_timestamp":1713996467499,"message_id":158,"stderr":true,"stdout":"\r\u001b[34m\u001b[1mtrain: \u001b[0mScanning /dcs/21/u2103345/Dissertation/CricketBattingAnalysis/dataset1/train/labels.cache... 825 images, 2 backgrounds, 0 corrupt: 100%|\u2588\u2588\u2588\u2588\u2588\u2588\u2588\u2588\u2588\u2588| 825/825 [00:00<?, ?it/s]"},"type":"ws_msg"}
{"payload":{"local_timestamp":1713996467499,"message_id":159,"stderr":true,"stdout":"\r\u001b[34m\u001b[1mtrain: \u001b[0mScanning /dcs/21/u2103345/Dissertation/CricketBattingAnalysis/dataset1/train/labels.cache... 825 images, 2 backgrounds, 0 corrupt: 100%|\u2588\u2588\u2588\u2588\u2588\u2588\u2588\u2588\u2588\u2588| 825/825 [00:00<?, ?it/s]\n"},"type":"ws_msg"}
{"payload":{"local_timestamp":1713996467818,"message_id":160,"stderr":true,"stdout":"\r\u001b[34m\u001b[1mval: \u001b[0mScanning /dcs/21/u2103345/Dissertation/CricketBattingAnalysis/dataset1/valid/labels.cache... 236 images, 0 backgrounds, 0 corrupt: 100%|\u2588\u2588\u2588\u2588\u2588\u2588\u2588\u2588\u2588\u2588| 236/236 [00:00<?, ?it/s]"},"type":"ws_msg"}
{"payload":{"local_timestamp":1713996467819,"message_id":161,"stderr":true,"stdout":"\r\u001b[34m\u001b[1mval: \u001b[0mScanning /dcs/21/u2103345/Dissertation/CricketBattingAnalysis/dataset1/valid/labels.cache... 236 images, 0 backgrounds, 0 corrupt: 100%|\u2588\u2588\u2588\u2588\u2588\u2588\u2588\u2588\u2588\u2588| 236/236 [00:00<?, ?it/s]\n"},"type":"ws_msg"}
{"payload":{"local_timestamp":1713996467955,"message_id":162,"stderr":true,"stdout":"\n\u001b[34m\u001b[1mAutoAnchor: \u001b[0m4.93 anchors/target, 0.999 Best Possible Recall (BPR). Current anchors are a good fit to dataset \u2705\n"},"type":"ws_msg"}
{"payload":{"local_timestamp":1713996467990,"message_id":163,"stderr":true,"stdout":"Plotting labels to runs/train/dataset1_e50_b24/labels.jpg... \n"},"type":"ws_msg"}
{"payload":{"additional_params":{"assetId":"f80477467b404ff6a1b3ce7d3ae265f4","context":null,"extension":"jpg","fileName":"labels_correlogram.jpg","overwrite":false,"runId":null,"step":null},"clean":true,"file_path":"tmpibrbspz4","local_timestamp":1713996470900,"message_id":164,"metadata":{},"upload_type":"asset"},"type":"file_upload"}
{"payload":{"additional_params":{"assetId":"96df33e0494f4ee083821bb1a3c929ed","context":null,"extension":"jpg","fileName":"labels.jpg","overwrite":false,"runId":null,"step":null},"clean":true,"file_path":"tmpmcne8ami","local_timestamp":1713996470901,"message_id":165,"metadata":{},"upload_type":"asset"},"type":"file_upload"}
{"payload":{"local_timestamp":1713996470902,"message_id":166,"param":{"paramName":"cls","paramValue":0.012500000000000002,"source":"manual","step":null}},"type":"parameter_msg"}
{"payload":{"local_timestamp":1713996470902,"message_id":167,"param":{"paramName":"weight_decay","paramValue":0.0005625000000000001,"source":"manual","step":null}},"type":"parameter_msg"}
{"payload":{"local_timestamp":1713996470904,"message_id":168,"stderr":true,"stdout":"Image sizes 640 train, 640 val\nUsing 6 dataloader workers\nLogging results to \u001b[1mruns/train/dataset1_e50_b24\u001b[0m\nStarting training for 50 epochs...\n"},"type":"ws_msg"}
{"payload":{"local_timestamp":1713996470905,"message_id":169,"stderr":true,"stdout":"\n      Epoch    GPU_mem   box_loss   obj_loss   cls_loss  Instances       Size\n"},"type":"ws_msg"}
{"payload":{"local_timestamp":1713996470905,"message_id":170,"stderr":true,"stdout":"\r  0%|          | 0/35 [00:00<?, ?it/s]"},"type":"ws_msg"}
{"payload":{"local_timestamp":1713996471338,"message_id":171,"stderr":true,"stdout":"\r  0%|          | 0/35 [00:00<?, ?it/s]\n"},"type":"ws_msg"}
{"payload":{"local_timestamp":1713996471338,"message_id":172,"stderr":true,"stdout":"Traceback (most recent call last):\n  File \"/dcs/21/u2103345/Dissertation/CricketBattingAnalysis/yolov5/train.py\", line 841, in <module>\n"},"type":"ws_msg"}
{"payload":{"local_timestamp":1713996471339,"message_id":173,"stderr":true,"stdout":"    main(opt)\n  File \"/dcs/21/u2103345/Dissertation/CricketBattingAnalysis/yolov5/train.py\", line 621, in main\n"},"type":"ws_msg"}
{"payload":{"local_timestamp":1713996471339,"message_id":174,"stderr":true,"stdout":"    train(opt.hyp, opt, device, callbacks)\n  File \"/dcs/21/u2103345/Dissertation/CricketBattingAnalysis/yolov5/train.py\", line 381, in train\n"},"type":"ws_msg"}
{"payload":{"local_timestamp":1713996471340,"message_id":175,"stderr":true,"stdout":"    pred = model(imgs)  # forward\n          "},"type":"ws_msg"}
{"payload":{"local_timestamp":1713996471340,"message_id":176,"stderr":true,"stdout":" ^^^^^^^^^^^\n  File \"/dcs/21/u2103345/.local/lib/python3.11/site-packages/torch/nn/modules/module.py\", line 1518, in _wrapped_call_impl\n"},"type":"ws_msg"}
{"payload":{"local_timestamp":1713996471343,"message_id":177,"stderr":true,"stdout":"    return self._call_impl(*args, **kwargs)\n         "},"type":"ws_msg"}
{"payload":{"local_timestamp":1713996471343,"message_id":178,"stderr":true,"stdout":"  ^^^^^^^^^^^^^^^"},"type":"ws_msg"}
{"payload":{"local_timestamp":1713996471343,"message_id":179,"stderr":true,"stdout":"^^^^^"},"type":"ws_msg"}
{"payload":{"local_timestamp":1713996471344,"message_id":180,"stderr":true,"stdout":"^^^^^^^^"},"type":"ws_msg"}
{"payload":{"local_timestamp":1713996471344,"message_id":181,"stderr":true,"stdout":"^^^^"},"type":"ws_msg"}
{"payload":{"local_timestamp":1713996471344,"message_id":182,"stderr":true,"stdout":"\n  File \"/dcs/21/u2103345/.local/lib/python3.11/site-packages/torch/nn/modules/module.py\", line 1527, in _call_impl\n"},"type":"ws_msg"}
{"payload":{"local_timestamp":1713996471344,"message_id":183,"stderr":true,"stdout":"    "},"type":"ws_msg"}
{"payload":{"local_timestamp":1713996471344,"message_id":184,"stderr":true,"stdout":"return forward_call(*args, **kwargs)\n           ^^^"},"type":"ws_msg"}
{"payload":{"local_timestamp":1713996471344,"message_id":185,"stderr":true,"stdout":"^"},"type":"ws_msg"}
{"payload":{"local_timestamp":1713996471344,"message_id":186,"stderr":true,"stdout":"^^^"},"type":"ws_msg"}
{"payload":{"local_timestamp":1713996471344,"message_id":187,"stderr":true,"stdout":"^^^"},"type":"ws_msg"}
{"payload":{"local_timestamp":1713996471344,"message_id":188,"stderr":true,"stdout":"^^^"},"type":"ws_msg"}
{"payload":{"local_timestamp":1713996471344,"message_id":189,"stderr":true,"stdout":"^^^^^"},"type":"ws_msg"}
{"payload":{"local_timestamp":1713996471345,"message_id":190,"stderr":true,"stdout":"^^"},"type":"ws_msg"}
{"payload":{"local_timestamp":1713996471345,"message_id":191,"stderr":true,"stdout":"^^"},"type":"ws_msg"}
{"payload":{"local_timestamp":1713996471345,"message_id":192,"stderr":true,"stdout":"^^"},"type":"ws_msg"}
{"payload":{"local_timestamp":1713996471345,"message_id":193,"stderr":true,"stdout":"^^^"},"type":"ws_msg"}
{"payload":{"local_timestamp":1713996471345,"message_id":194,"stderr":true,"stdout":"^"},"type":"ws_msg"}
{"payload":{"local_timestamp":1713996471345,"message_id":195,"stderr":true,"stdout":"^\n"},"type":"ws_msg"}
{"payload":{"local_timestamp":1713996471345,"message_id":196,"stderr":true,"stdout":"  File \"/dcs/21/u2103345/Dissertation/CricketBattingAnalysis/yolov5/models/yolo.py\", line 244, in forward\n"},"type":"ws_msg"}
{"payload":{"local_timestamp":1713996471346,"message_id":197,"stderr":true,"stdout":"    "},"type":"ws_msg"}
{"payload":{"local_timestamp":1713996471346,"message_id":198,"stderr":true,"stdout":"return self._forward_once(x, profile, visualize)  # single-scale inference, train\n"},"type":"ws_msg"}
{"payload":{"local_timestamp":1713996471346,"message_id":199,"stderr":true,"stdout":" "},"type":"ws_msg"}
{"payload":{"local_timestamp":1713996471347,"message_id":200,"stderr":true,"stdout":"  "},"type":"ws_msg"}
{"payload":{"local_timestamp":1713996471347,"message_id":201,"stderr":true,"stdout":"  "},"type":"ws_msg"}
{"payload":{"local_timestamp":1713996471347,"message_id":202,"stderr":true,"stdout":" "},"type":"ws_msg"}
{"payload":{"local_timestamp":1713996471347,"message_id":203,"stderr":true,"stdout":" "},"type":"ws_msg"}
{"payload":{"local_timestamp":1713996471347,"message_id":204,"stderr":true,"stdout":" "},"type":"ws_msg"}
{"payload":{"local_timestamp":1713996471347,"message_id":205,"stderr":true,"stdout":" "},"type":"ws_msg"}
{"payload":{"local_timestamp":1713996471347,"message_id":206,"stderr":true,"stdout":"  "},"type":"ws_msg"}
{"payload":{"local_timestamp":1713996471347,"message_id":207,"stderr":true,"stdout":"^^"},"type":"ws_msg"}
{"payload":{"local_timestamp":1713996471347,"message_id":208,"stderr":true,"stdout":"^^"},"type":"ws_msg"}
{"payload":{"local_timestamp":1713996471347,"message_id":209,"stderr":true,"stdout":"^^^"},"type":"ws_msg"}
{"payload":{"local_timestamp":1713996471347,"message_id":210,"stderr":true,"stdout":"^^"},"type":"ws_msg"}
{"payload":{"local_timestamp":1713996471347,"message_id":211,"stderr":true,"stdout":"^^"},"type":"ws_msg"}
{"payload":{"local_timestamp":1713996471347,"message_id":212,"stderr":true,"stdout":"^^"},"type":"ws_msg"}
{"payload":{"local_timestamp":1713996471347,"message_id":213,"stderr":true,"stdout":"^^"},"type":"ws_msg"}
{"payload":{"local_timestamp":1713996471347,"message_id":214,"stderr":true,"stdout":"^"},"type":"ws_msg"}
{"payload":{"local_timestamp":1713996471348,"message_id":215,"stderr":true,"stdout":"^^"},"type":"ws_msg"}
{"payload":{"local_timestamp":1713996471348,"message_id":216,"stderr":true,"stdout":"^^"},"type":"ws_msg"}
{"payload":{"local_timestamp":1713996471348,"message_id":217,"stderr":true,"stdout":"^"},"type":"ws_msg"}
{"payload":{"local_timestamp":1713996471348,"message_id":218,"stderr":true,"stdout":"^^^"},"type":"ws_msg"}
{"payload":{"local_timestamp":1713996471348,"message_id":219,"stderr":true,"stdout":"^"},"type":"ws_msg"}
{"payload":{"local_timestamp":1713996471348,"message_id":220,"stderr":true,"stdout":"^^"},"type":"ws_msg"}
{"payload":{"local_timestamp":1713996471348,"message_id":221,"stderr":true,"stdout":"^^"},"type":"ws_msg"}
{"payload":{"local_timestamp":1713996471348,"message_id":222,"stderr":true,"stdout":"^^^"},"type":"ws_msg"}
{"payload":{"local_timestamp":1713996471348,"message_id":223,"stderr":true,"stdout":"^^"},"type":"ws_msg"}
{"payload":{"local_timestamp":1713996471348,"message_id":224,"stderr":true,"stdout":"^"},"type":"ws_msg"}
{"payload":{"local_timestamp":1713996471348,"message_id":225,"stderr":true,"stdout":"^^"},"type":"ws_msg"}
{"payload":{"local_timestamp":1713996471348,"message_id":226,"stderr":true,"stdout":"^^"},"type":"ws_msg"}
{"payload":{"local_timestamp":1713996471348,"message_id":227,"stderr":true,"stdout":"^"},"type":"ws_msg"}
{"payload":{"local_timestamp":1713996471349,"message_id":228,"stderr":true,"stdout":"^\n"},"type":"ws_msg"}
{"payload":{"local_timestamp":1713996471349,"message_id":229,"stderr":true,"stdout":"  File \"/dcs/21/u2103345/Dissertation/CricketBattingAnalysis/yolov5/models/yolo.py\", line 155, in _forward_once\n"},"type":"ws_msg"}
{"payload":{"local_timestamp":1713996471349,"message_id":230,"stderr":true,"stdout":"    x = m(x)  # run\n"},"type":"ws_msg"}
{"payload":{"local_timestamp":1713996471349,"message_id":231,"stderr":true,"stdout":"  "},"type":"ws_msg"}
{"payload":{"local_timestamp":1713996471349,"message_id":232,"stderr":true,"stdout":"    "},"type":"ws_msg"}
{"payload":{"local_timestamp":1713996471349,"message_id":233,"stderr":true,"stdout":"  ^^"},"type":"ws_msg"}
{"payload":{"local_timestamp":1713996471349,"message_id":234,"stderr":true,"stdout":"^^"},"type":"ws_msg"}
{"payload":{"local_timestamp":1713996471349,"message_id":235,"stderr":true,"stdout":"\n"},"type":"ws_msg"}
{"payload":{"local_timestamp":1713996471349,"message_id":236,"stderr":true,"stdout":"  File \"/dcs/21/u2103345/.local/lib/python3.11/site-packages/torch/nn/modules/module.py\", line 1518, in _wrapped_call_impl\n"},"type":"ws_msg"}
{"payload":{"local_timestamp":1713996471350,"message_id":237,"stderr":true,"stdout":"    return self._call_impl(*args, **kwargs)\n"},"type":"ws_msg"}
{"payload":{"local_timestamp":1713996471350,"message_id":238,"stderr":true,"stdout":"    "},"type":"ws_msg"}
{"payload":{"local_timestamp":1713996471350,"message_id":239,"stderr":true,"stdout":"     "},"type":"ws_msg"}
{"payload":{"local_timestamp":1713996471350,"message_id":240,"stderr":true,"stdout":"  ^^^^"},"type":"ws_msg"}
{"payload":{"local_timestamp":1713996471350,"message_id":241,"stderr":true,"stdout":"^^^^^^^^^^^^^^^^"},"type":"ws_msg"}
{"payload":{"local_timestamp":1713996471350,"message_id":242,"stderr":true,"stdout":"^^"},"type":"ws_msg"}
{"payload":{"local_timestamp":1713996471350,"message_id":243,"stderr":true,"stdout":"^"},"type":"ws_msg"}
{"payload":{"local_timestamp":1713996471350,"message_id":244,"stderr":true,"stdout":"^^"},"type":"ws_msg"}
{"payload":{"local_timestamp":1713996471350,"message_id":245,"stderr":true,"stdout":"^^"},"type":"ws_msg"}
{"payload":{"local_timestamp":1713996471350,"message_id":246,"stderr":true,"stdout":"^^"},"type":"ws_msg"}
{"payload":{"local_timestamp":1713996471350,"message_id":247,"stderr":true,"stdout":"^^^"},"type":"ws_msg"}
{"payload":{"local_timestamp":1713996471350,"message_id":248,"stderr":true,"stdout":"\n"},"type":"ws_msg"}
{"payload":{"local_timestamp":1713996471350,"message_id":249,"stderr":true,"stdout":"  File \"/dcs/21/u2103345/.local/lib/python3.11/site-packages/torch/nn/modules/module.py\", line 1527, in _call_impl\n"},"type":"ws_msg"}
{"payload":{"local_timestamp":1713996471351,"message_id":250,"stderr":true,"stdout":"    return forward_call(*args, **kwargs)\n          "},"type":"ws_msg"}
{"payload":{"local_timestamp":1713996471351,"message_id":251,"stderr":true,"stdout":" ^^^^^^^^^^^^^^^^^^^^^^^^^^^^^\n  File \"/dcs/21/u2103345/Dissertation/CricketBattingAnalysis/yolov5/models/common.py\", line 191, in forward\n"},"type":"ws_msg"}
{"payload":{"local_timestamp":1713996471351,"message_id":252,"stderr":true,"stdout":"    return self.cv3(torch.cat((self.m(self.cv1(x)), self.cv2(x)), 1))\n        "},"type":"ws_msg"}
{"payload":{"local_timestamp":1713996471351,"message_id":253,"stderr":true,"stdout":"          "},"type":"ws_msg"}
{"payload":{"local_timestamp":1713996471351,"message_id":254,"stderr":true,"stdout":"             ^^^^^^^^"},"type":"ws_msg"}
{"payload":{"local_timestamp":1713996471351,"message_id":255,"stderr":true,"stdout":"^^"},"type":"ws_msg"}
{"payload":{"local_timestamp":1713996471352,"message_id":256,"stderr":true,"stdout":"^^"},"type":"ws_msg"}
{"payload":{"local_timestamp":1713996471352,"message_id":257,"stderr":true,"stdout":"^^"},"type":"ws_msg"}
{"payload":{"local_timestamp":1713996471352,"message_id":258,"stderr":true,"stdout":"^^^"},"type":"ws_msg"}
{"payload":{"local_timestamp":1713996471352,"message_id":259,"stderr":true,"stdout":"^^"},"type":"ws_msg"}
{"payload":{"local_timestamp":1713996471352,"message_id":260,"stderr":true,"stdout":"\n"},"type":"ws_msg"}
{"payload":{"local_timestamp":1713996471352,"message_id":261,"stderr":true,"stdout":"  File \"/dcs/21/u2103345/.local/lib/python3.11/site-packages/torch/nn/modules/module.py\", line 1518, in _wrapped_call_impl\n"},"type":"ws_msg"}
{"payload":{"local_timestamp":1713996471352,"message_id":262,"stderr":true,"stdout":"    return self._call_impl(*args, **kwargs)\n"},"type":"ws_msg"}
{"payload":{"local_timestamp":1713996471352,"message_id":263,"stderr":true,"stdout":"   "},"type":"ws_msg"}
{"payload":{"local_timestamp":1713996471352,"message_id":264,"stderr":true,"stdout":"  "},"type":"ws_msg"}
{"payload":{"local_timestamp":1713996471352,"message_id":265,"stderr":true,"stdout":"      ^"},"type":"ws_msg"}
{"payload":{"local_timestamp":1713996471353,"message_id":266,"stderr":true,"stdout":"^^"},"type":"ws_msg"}
{"payload":{"local_timestamp":1713996471353,"message_id":267,"stderr":true,"stdout":"^^"},"type":"ws_msg"}
{"payload":{"local_timestamp":1713996471353,"message_id":268,"stderr":true,"stdout":"^^"},"type":"ws_msg"}
{"payload":{"local_timestamp":1713996471353,"message_id":269,"stderr":true,"stdout":"^"},"type":"ws_msg"}
{"payload":{"local_timestamp":1713996471353,"message_id":270,"stderr":true,"stdout":"^^"},"type":"ws_msg"}
{"payload":{"local_timestamp":1713996471353,"message_id":271,"stderr":true,"stdout":"^"},"type":"ws_msg"}
{"payload":{"local_timestamp":1713996471353,"message_id":272,"stderr":true,"stdout":"^"},"type":"ws_msg"}
{"payload":{"local_timestamp":1713996471353,"message_id":273,"stderr":true,"stdout":"^^"},"type":"ws_msg"}
{"payload":{"local_timestamp":1713996471353,"message_id":274,"stderr":true,"stdout":"^"},"type":"ws_msg"}
{"payload":{"local_timestamp":1713996471353,"message_id":275,"stderr":true,"stdout":"^^"},"type":"ws_msg"}
{"payload":{"local_timestamp":1713996471353,"message_id":276,"stderr":true,"stdout":"^^"},"type":"ws_msg"}
{"payload":{"local_timestamp":1713996471353,"message_id":277,"stderr":true,"stdout":"^"},"type":"ws_msg"}
{"payload":{"local_timestamp":1713996471353,"message_id":278,"stderr":true,"stdout":"^^"},"type":"ws_msg"}
{"payload":{"local_timestamp":1713996471353,"message_id":279,"stderr":true,"stdout":"^"},"type":"ws_msg"}
{"payload":{"local_timestamp":1713996471353,"message_id":280,"stderr":true,"stdout":"^^^^^"},"type":"ws_msg"}
{"payload":{"local_timestamp":1713996471353,"message_id":281,"stderr":true,"stdout":"^^"},"type":"ws_msg"}
{"payload":{"local_timestamp":1713996471354,"message_id":282,"stderr":true,"stdout":"^^"},"type":"ws_msg"}
{"payload":{"local_timestamp":1713996471354,"message_id":283,"stderr":true,"stdout":"\n  File \"/dcs/21/u2103345/.local/lib/python3.11/site-packages/torch/nn/modules/module.py\", line 1527, in _call_impl\n"},"type":"ws_msg"}
{"payload":{"local_timestamp":1713996471354,"message_id":284,"stderr":true,"stdout":"    return forward_call(*args, **kwargs)"},"type":"ws_msg"}
{"payload":{"local_timestamp":1713996471354,"message_id":285,"stderr":true,"stdout":"\n  "},"type":"ws_msg"}
{"payload":{"local_timestamp":1713996471354,"message_id":286,"stderr":true,"stdout":" "},"type":"ws_msg"}
{"payload":{"local_timestamp":1713996471354,"message_id":287,"stderr":true,"stdout":"  "},"type":"ws_msg"}
{"payload":{"local_timestamp":1713996471355,"message_id":288,"stderr":true,"stdout":" "},"type":"ws_msg"}
{"payload":{"local_timestamp":1713996471355,"message_id":289,"stderr":true,"stdout":"  "},"type":"ws_msg"}
{"payload":{"local_timestamp":1713996471355,"message_id":290,"stderr":true,"stdout":" "},"type":"ws_msg"}
{"payload":{"local_timestamp":1713996471355,"message_id":291,"stderr":true,"stdout":" "},"type":"ws_msg"}
{"payload":{"local_timestamp":1713996471355,"message_id":292,"stderr":true,"stdout":" ^^^"},"type":"ws_msg"}
{"payload":{"local_timestamp":1713996471355,"message_id":293,"stderr":true,"stdout":"^"},"type":"ws_msg"}
{"payload":{"local_timestamp":1713996471355,"message_id":294,"stderr":true,"stdout":"^"},"type":"ws_msg"}
{"payload":{"local_timestamp":1713996471355,"message_id":295,"stderr":true,"stdout":"^^"},"type":"ws_msg"}
{"payload":{"local_timestamp":1713996471355,"message_id":296,"stderr":true,"stdout":"^"},"type":"ws_msg"}
{"payload":{"local_timestamp":1713996471355,"message_id":297,"stderr":true,"stdout":"^^"},"type":"ws_msg"}
{"payload":{"local_timestamp":1713996471355,"message_id":298,"stderr":true,"stdout":"^^"},"type":"ws_msg"}
{"payload":{"local_timestamp":1713996471355,"message_id":299,"stderr":true,"stdout":"^^"},"type":"ws_msg"}
{"payload":{"local_timestamp":1713996471355,"message_id":300,"stderr":true,"stdout":"^"},"type":"ws_msg"}
{"payload":{"local_timestamp":1713996471355,"message_id":301,"stderr":true,"stdout":"^^^"},"type":"ws_msg"}
{"payload":{"local_timestamp":1713996471355,"message_id":302,"stderr":true,"stdout":"^^"},"type":"ws_msg"}
{"payload":{"local_timestamp":1713996471356,"message_id":303,"stderr":true,"stdout":"^^^"},"type":"ws_msg"}
{"payload":{"local_timestamp":1713996471356,"message_id":304,"stderr":true,"stdout":"^^"},"type":"ws_msg"}
{"payload":{"local_timestamp":1713996471356,"message_id":305,"stderr":true,"stdout":"^^"},"type":"ws_msg"}
{"payload":{"local_timestamp":1713996471356,"message_id":306,"stderr":true,"stdout":"^^"},"type":"ws_msg"}
{"payload":{"local_timestamp":1713996471356,"message_id":307,"stderr":true,"stdout":"\n"},"type":"ws_msg"}
{"payload":{"local_timestamp":1713996471356,"message_id":308,"stderr":true,"stdout":"  File \"/dcs/21/u2103345/.local/lib/python3.11/site-packages/torch/nn/modules/container.py\", line 215, in forward\n"},"type":"ws_msg"}
{"payload":{"local_timestamp":1713996471357,"message_id":309,"stderr":true,"stdout":"    input = module(input)\n"},"type":"ws_msg"}
{"payload":{"local_timestamp":1713996471357,"message_id":310,"stderr":true,"stdout":"            ^^^"},"type":"ws_msg"}
{"payload":{"local_timestamp":1713996471357,"message_id":311,"stderr":true,"stdout":"^"},"type":"ws_msg"}
{"payload":{"local_timestamp":1713996471357,"message_id":312,"stderr":true,"stdout":"^^"},"type":"ws_msg"}
{"payload":{"local_timestamp":1713996471357,"message_id":313,"stderr":true,"stdout":"^^"},"type":"ws_msg"}
{"payload":{"local_timestamp":1713996471357,"message_id":314,"stderr":true,"stdout":"^"},"type":"ws_msg"}
{"payload":{"local_timestamp":1713996471357,"message_id":315,"stderr":true,"stdout":"^^"},"type":"ws_msg"}
{"payload":{"local_timestamp":1713996471357,"message_id":316,"stderr":true,"stdout":"^^"},"type":"ws_msg"}
{"payload":{"local_timestamp":1713996471358,"message_id":317,"stderr":true,"stdout":"\n  File \"/dcs/21/u2103345/.local/lib/python3.11/site-packages/torch/nn/modules/module.py\", line 1518, in _wrapped_call_impl\n"},"type":"ws_msg"}
{"payload":{"local_timestamp":1713996471358,"message_id":318,"stderr":true,"stdout":"    return self._call_impl(*args, **kwargs)\n          "},"type":"ws_msg"}
{"payload":{"local_timestamp":1713996471358,"message_id":319,"stderr":true,"stdout":" ^^^^^^^^^"},"type":"ws_msg"}
{"payload":{"local_timestamp":1713996471358,"message_id":320,"stderr":true,"stdout":"^^^^^^^^^^^^^^^^"},"type":"ws_msg"}
{"payload":{"local_timestamp":1713996471358,"message_id":321,"stderr":true,"stdout":"^^^"},"type":"ws_msg"}
{"payload":{"local_timestamp":1713996471358,"message_id":322,"stderr":true,"stdout":"^"},"type":"ws_msg"}
{"payload":{"local_timestamp":1713996471358,"message_id":323,"stderr":true,"stdout":"^^^"},"type":"ws_msg"}
{"payload":{"local_timestamp":1713996471358,"message_id":324,"stderr":true,"stdout":"\n"},"type":"ws_msg"}
{"payload":{"local_timestamp":1713996471358,"message_id":325,"stderr":true,"stdout":"  File \"/dcs/21/u2103345/.local/lib/python3.11/site-packages/torch/nn/modules/module.py\", line 1527, in _call_impl\n"},"type":"ws_msg"}
{"payload":{"local_timestamp":1713996471359,"message_id":326,"stderr":true,"stdout":"    return forward_call(*args, **kwargs)\n           ^^"},"type":"ws_msg"}
{"payload":{"local_timestamp":1713996471359,"message_id":327,"stderr":true,"stdout":"^^^^^^^^^^^^^^^^^^^^^^^^^^^\n  File \"/dcs/21/u2103345/Dissertation/CricketBattingAnalysis/yolov5/models/common.py\", line 144, in forward\n"},"type":"ws_msg"}
{"payload":{"local_timestamp":1713996471359,"message_id":328,"stderr":true,"stdout":"    return x + self.cv2(self.cv1(x)) if self.add else self.cv2(self.cv1(x))\n          "},"type":"ws_msg"}
{"payload":{"local_timestamp":1713996471359,"message_id":329,"stderr":true,"stdout":"                             "},"type":"ws_msg"}
{"payload":{"local_timestamp":1713996471359,"message_id":330,"stderr":true,"stdout":"                   "},"type":"ws_msg"}
{"payload":{"local_timestamp":1713996471359,"message_id":331,"stderr":true,"stdout":"     ^^^^^^^^^^^"},"type":"ws_msg"}
{"payload":{"local_timestamp":1713996471359,"message_id":332,"stderr":true,"stdout":"\n"},"type":"ws_msg"}
{"payload":{"local_timestamp":1713996471359,"message_id":333,"stderr":true,"stdout":"  File \"/dcs/21/u2103345/.local/lib/python3.11/site-packages/torch/nn/modules/module.py\", line 1518, in _wrapped_call_impl\n"},"type":"ws_msg"}
{"payload":{"local_timestamp":1713996471360,"message_id":334,"stderr":true,"stdout":"    return self._call_impl(*args, **kwargs)\n"},"type":"ws_msg"}
{"payload":{"local_timestamp":1713996471360,"message_id":335,"stderr":true,"stdout":"           ^^^^^^^^^^^^^^^^^^^^^^^^^^^^^"},"type":"ws_msg"}
{"payload":{"local_timestamp":1713996471360,"message_id":336,"stderr":true,"stdout":"^^^\n  File \"/dcs/21/u2103345/.local/lib/python3.11/site-packages/torch/nn/modules/module.py\", line 1527, in _call_impl\n"},"type":"ws_msg"}
{"payload":{"local_timestamp":1713996471360,"message_id":337,"stderr":true,"stdout":"    return forward_call(*args, **kwargs)\n         "},"type":"ws_msg"}
{"payload":{"local_timestamp":1713996471361,"message_id":338,"stderr":true,"stdout":"  ^^^^^"},"type":"ws_msg"}
{"payload":{"local_timestamp":1713996471361,"message_id":339,"stderr":true,"stdout":"^^^^"},"type":"ws_msg"}
{"payload":{"local_timestamp":1713996471361,"message_id":340,"stderr":true,"stdout":"^^^^"},"type":"ws_msg"}
{"payload":{"local_timestamp":1713996471361,"message_id":341,"stderr":true,"stdout":"^^^"},"type":"ws_msg"}
{"payload":{"local_timestamp":1713996471361,"message_id":342,"stderr":true,"stdout":"^^^^"},"type":"ws_msg"}
{"payload":{"local_timestamp":1713996471361,"message_id":343,"stderr":true,"stdout":"^^^^^^^^^\n  File \"/dcs/21/u2103345/Dissertation/CricketBattingAnalysis/yolov5/models/common.py\", line 80, in forward\n"},"type":"ws_msg"}
{"payload":{"local_timestamp":1713996471361,"message_id":344,"stderr":true,"stdout":"    "},"type":"ws_msg"}
{"payload":{"local_timestamp":1713996471361,"message_id":345,"stderr":true,"stdout":"return self.act(self.bn(self.conv(x)))"},"type":"ws_msg"}
{"payload":{"local_timestamp":1713996471361,"message_id":346,"stderr":true,"stdout":"\n"},"type":"ws_msg"}
{"payload":{"local_timestamp":1713996471361,"message_id":347,"stderr":true,"stdout":" "},"type":"ws_msg"}
{"payload":{"local_timestamp":1713996471361,"message_id":348,"stderr":true,"stdout":"  "},"type":"ws_msg"}
{"payload":{"local_timestamp":1713996471361,"message_id":349,"stderr":true,"stdout":"        ^^^^^^^^^^^^^"},"type":"ws_msg"}
{"payload":{"local_timestamp":1713996471362,"message_id":350,"stderr":true,"stdout":"^^"},"type":"ws_msg"}
{"payload":{"local_timestamp":1713996471362,"message_id":351,"stderr":true,"stdout":"^^"},"type":"ws_msg"}
{"payload":{"local_timestamp":1713996471362,"message_id":352,"stderr":true,"stdout":"^^"},"type":"ws_msg"}
{"payload":{"local_timestamp":1713996471362,"message_id":353,"stderr":true,"stdout":"^^"},"type":"ws_msg"}
{"payload":{"local_timestamp":1713996471362,"message_id":354,"stderr":true,"stdout":"^"},"type":"ws_msg"}
{"payload":{"local_timestamp":1713996471362,"message_id":355,"stderr":true,"stdout":"^"},"type":"ws_msg"}
{"payload":{"local_timestamp":1713996471362,"message_id":356,"stderr":true,"stdout":"^^"},"type":"ws_msg"}
{"payload":{"local_timestamp":1713996471362,"message_id":357,"stderr":true,"stdout":"^^"},"type":"ws_msg"}
{"payload":{"local_timestamp":1713996471362,"message_id":358,"stderr":true,"stdout":"^"},"type":"ws_msg"}
{"payload":{"local_timestamp":1713996471362,"message_id":359,"stderr":true,"stdout":"^^"},"type":"ws_msg"}
{"payload":{"local_timestamp":1713996471362,"message_id":360,"stderr":true,"stdout":"^\n"},"type":"ws_msg"}
{"payload":{"local_timestamp":1713996471362,"message_id":361,"stderr":true,"stdout":"  File \"/dcs/21/u2103345/.local/lib/python3.11/site-packages/torch/nn/modules/module.py\", line 1518, in _wrapped_call_impl\n"},"type":"ws_msg"}
{"payload":{"local_timestamp":1713996471363,"message_id":362,"stderr":true,"stdout":"    "},"type":"ws_msg"}
{"payload":{"local_timestamp":1713996471363,"message_id":363,"stderr":true,"stdout":"return self._call_impl(*args, **kwargs)\n"},"type":"ws_msg"}
{"payload":{"local_timestamp":1713996471363,"message_id":364,"stderr":true,"stdout":"           ^^^^^^^^^^^^^^^^^^^^^^^^^^^"},"type":"ws_msg"}
{"payload":{"local_timestamp":1713996471363,"message_id":365,"stderr":true,"stdout":"^^^^^\n"},"type":"ws_msg"}
{"payload":{"local_timestamp":1713996471363,"message_id":366,"stderr":true,"stdout":"  File \"/dcs/21/u2103345/.local/lib/python3.11/site-packages/torch/nn/modules/module.py\", line 1527, in _call_impl\n"},"type":"ws_msg"}
{"payload":{"local_timestamp":1713996471363,"message_id":367,"stderr":true,"stdout":"    return forward_call(*args, **kwargs)"},"type":"ws_msg"}
{"payload":{"local_timestamp":1713996471364,"message_id":368,"stderr":true,"stdout":"\n"},"type":"ws_msg"}
{"payload":{"local_timestamp":1713996471364,"message_id":369,"stderr":true,"stdout":"    "},"type":"ws_msg"}
{"payload":{"local_timestamp":1713996471364,"message_id":370,"stderr":true,"stdout":"  "},"type":"ws_msg"}
{"payload":{"local_timestamp":1713996471364,"message_id":371,"stderr":true,"stdout":"  "},"type":"ws_msg"}
{"payload":{"local_timestamp":1713996471364,"message_id":372,"stderr":true,"stdout":"   "},"type":"ws_msg"}
{"payload":{"local_timestamp":1713996471364,"message_id":373,"stderr":true,"stdout":"^"},"type":"ws_msg"}
{"payload":{"local_timestamp":1713996471364,"message_id":374,"stderr":true,"stdout":"^"},"type":"ws_msg"}
{"payload":{"local_timestamp":1713996471364,"message_id":375,"stderr":true,"stdout":"^^"},"type":"ws_msg"}
{"payload":{"local_timestamp":1713996471364,"message_id":376,"stderr":true,"stdout":"^"},"type":"ws_msg"}
{"payload":{"local_timestamp":1713996471364,"message_id":377,"stderr":true,"stdout":"^^"},"type":"ws_msg"}
{"payload":{"local_timestamp":1713996471364,"message_id":378,"stderr":true,"stdout":"^^"},"type":"ws_msg"}
{"payload":{"local_timestamp":1713996471364,"message_id":379,"stderr":true,"stdout":"^^"},"type":"ws_msg"}
{"payload":{"local_timestamp":1713996471364,"message_id":380,"stderr":true,"stdout":"^"},"type":"ws_msg"}
{"payload":{"local_timestamp":1713996471364,"message_id":381,"stderr":true,"stdout":"^^"},"type":"ws_msg"}
{"payload":{"local_timestamp":1713996471365,"message_id":382,"stderr":true,"stdout":"^^"},"type":"ws_msg"}
{"payload":{"local_timestamp":1713996471365,"message_id":383,"stderr":true,"stdout":"^"},"type":"ws_msg"}
{"payload":{"local_timestamp":1713996471365,"message_id":384,"stderr":true,"stdout":"^"},"type":"ws_msg"}
{"payload":{"local_timestamp":1713996471365,"message_id":385,"stderr":true,"stdout":"^"},"type":"ws_msg"}
{"payload":{"local_timestamp":1713996471365,"message_id":386,"stderr":true,"stdout":"^^"},"type":"ws_msg"}
{"payload":{"local_timestamp":1713996471365,"message_id":387,"stderr":true,"stdout":"^"},"type":"ws_msg"}
{"payload":{"local_timestamp":1713996471365,"message_id":388,"stderr":true,"stdout":"^"},"type":"ws_msg"}
{"payload":{"local_timestamp":1713996471365,"message_id":389,"stderr":true,"stdout":"^^"},"type":"ws_msg"}
{"payload":{"local_timestamp":1713996471365,"message_id":390,"stderr":true,"stdout":"^^"},"type":"ws_msg"}
{"payload":{"local_timestamp":1713996471365,"message_id":391,"stderr":true,"stdout":"^^"},"type":"ws_msg"}
{"payload":{"local_timestamp":1713996471365,"message_id":392,"stderr":true,"stdout":"\n  File \"/dcs/21/u2103345/.local/lib/python3.11/site-packages/torch/nn/modules/activation.py\", line 393, in forward\n"},"type":"ws_msg"}
{"payload":{"local_timestamp":1713996471366,"message_id":393,"stderr":true,"stdout":"    return F.silu(input, inplace=self.inplace)\n"},"type":"ws_msg"}
{"payload":{"local_timestamp":1713996471366,"message_id":394,"stderr":true,"stdout":"      "},"type":"ws_msg"}
{"payload":{"local_timestamp":1713996471366,"message_id":395,"stderr":true,"stdout":"     "},"type":"ws_msg"}
{"payload":{"local_timestamp":1713996471367,"message_id":396,"stderr":true,"stdout":"^^^^"},"type":"ws_msg"}
{"payload":{"local_timestamp":1713996471367,"message_id":397,"stderr":true,"stdout":"^^^^^^^"},"type":"ws_msg"}
{"payload":{"local_timestamp":1713996471367,"message_id":398,"stderr":true,"stdout":"^^^^^^^^^^^^^^^^^^^^^"},"type":"ws_msg"}
{"payload":{"local_timestamp":1713996471367,"message_id":399,"stderr":true,"stdout":"^^"},"type":"ws_msg"}
{"payload":{"local_timestamp":1713996471367,"message_id":400,"stderr":true,"stdout":"^"},"type":"ws_msg"}
{"payload":{"local_timestamp":1713996471367,"message_id":401,"stderr":true,"stdout":"\n"},"type":"ws_msg"}
{"payload":{"local_timestamp":1713996471367,"message_id":402,"stderr":true,"stdout":"  File \"/dcs/21/u2103345/.local/lib/python3.11/site-packages/torch/nn/functional.py\", line 2071, in silu\n"},"type":"ws_msg"}
{"payload":{"local_timestamp":1713996471368,"message_id":403,"stderr":true,"stdout":"    return torch._C._nn.silu_(input)\n"},"type":"ws_msg"}
{"payload":{"local_timestamp":1713996471368,"message_id":404,"stderr":true,"stdout":"   "},"type":"ws_msg"}
{"payload":{"local_timestamp":1713996471368,"message_id":405,"stderr":true,"stdout":" "},"type":"ws_msg"}
{"payload":{"local_timestamp":1713996471368,"message_id":406,"stderr":true,"stdout":"    "},"type":"ws_msg"}
{"payload":{"local_timestamp":1713996471368,"message_id":407,"stderr":true,"stdout":"   "},"type":"ws_msg"}
{"payload":{"local_timestamp":1713996471368,"message_id":408,"stderr":true,"stdout":"^^"},"type":"ws_msg"}
{"payload":{"local_timestamp":1713996471368,"message_id":409,"stderr":true,"stdout":"^^^^"},"type":"ws_msg"}
{"payload":{"local_timestamp":1713996471368,"message_id":410,"stderr":true,"stdout":"^"},"type":"ws_msg"}
{"payload":{"local_timestamp":1713996471368,"message_id":411,"stderr":true,"stdout":"^^"},"type":"ws_msg"}
{"payload":{"local_timestamp":1713996471368,"message_id":412,"stderr":true,"stdout":"^^"},"type":"ws_msg"}
{"payload":{"local_timestamp":1713996471368,"message_id":413,"stderr":true,"stdout":"^^"},"type":"ws_msg"}
{"payload":{"local_timestamp":1713996471368,"message_id":414,"stderr":true,"stdout":"^^"},"type":"ws_msg"}
{"payload":{"local_timestamp":1713996471368,"message_id":415,"stderr":true,"stdout":"^"},"type":"ws_msg"}
{"payload":{"local_timestamp":1713996471368,"message_id":416,"stderr":true,"stdout":"^^"},"type":"ws_msg"}
{"payload":{"local_timestamp":1713996471368,"message_id":417,"stderr":true,"stdout":"^"},"type":"ws_msg"}
{"payload":{"local_timestamp":1713996471368,"message_id":418,"stderr":true,"stdout":"^^"},"type":"ws_msg"}
{"payload":{"local_timestamp":1713996471369,"message_id":419,"stderr":true,"stdout":"^^"},"type":"ws_msg"}
{"payload":{"local_timestamp":1713996471369,"message_id":420,"stderr":true,"stdout":"^^"},"type":"ws_msg"}
{"payload":{"local_timestamp":1713996471371,"message_id":421,"stderr":true,"stdout":"\n"},"type":"ws_msg"}
{"payload":{"local_timestamp":1713996471371,"message_id":422,"stderr":true,"stdout":"torch.cuda."},"type":"ws_msg"}
{"payload":{"local_timestamp":1713996471371,"message_id":423,"stderr":true,"stdout":"OutOfMemoryError"},"type":"ws_msg"}
{"payload":{"local_timestamp":1713996471371,"message_id":424,"stderr":true,"stdout":": CUDA out of memory. Tried to allocate 20.00 MiB. GPU 0 has a total capacty of 10.75 GiB of which 16.50 MiB is free. Including non-PyTorch memory, this process has 10.73 GiB memory in use. Of the allocated memory 10.38 GiB is allocated by PyTorch, and 145.24 MiB is reserved by PyTorch but unallocated. If reserved but unallocated memory is large try setting max_split_size_mb to avoid fragmentation.  See documentation for Memory Management and PYTORCH_CUDA_ALLOC_CONF\n"},"type":"ws_msg"}
{"payload":{"local_timestamp":1713996471371,"message_id":425,"stderr":true,"stdout":"COMET INFO: ---------------------------------------------------------------------------------------\n"},"type":"ws_msg"}
{"payload":{"local_timestamp":1713996471371,"message_id":426,"stderr":true,"stdout":"COMET INFO: Comet.ml OfflineExperiment Summary\n"},"type":"ws_msg"}
{"payload":{"local_timestamp":1713996471371,"message_id":427,"stderr":true,"stdout":"COMET INFO: ---------------------------------------------------------------------------------------\n"},"type":"ws_msg"}
{"payload":{"local_timestamp":1713996471371,"message_id":428,"stderr":true,"stdout":"COMET INFO:   Data:\n"},"type":"ws_msg"}
{"payload":{"local_timestamp":1713996471371,"message_id":429,"stderr":true,"stdout":"COMET INFO:     display_summary_level : 1\n"},"type":"ws_msg"}
{"payload":{"local_timestamp":1713996471371,"message_id":430,"stderr":true,"stdout":"COMET INFO:     name                  : dataset1_e50_b24\n"},"type":"ws_msg"}
{"payload":{"local_timestamp":1713996471371,"message_id":431,"stderr":true,"stdout":"COMET INFO:     url                   : [OfflineExperiment will get URL after upload]\n"},"type":"ws_msg"}
{"payload":{"local_timestamp":1713996471371,"message_id":432,"stderr":true,"stdout":"COMET INFO:   Others:\n"},"type":"ws_msg"}
{"payload":{"local_timestamp":1713996471372,"message_id":433,"stderr":true,"stdout":"COMET INFO:     Created from                : YOLOv5\n"},"type":"ws_msg"}
{"payload":{"local_timestamp":1713996471372,"message_id":434,"stderr":true,"stdout":"COMET INFO:     Name                        : dataset1_e50_b24\n"},"type":"ws_msg"}
{"payload":{"local_timestamp":1713996471372,"message_id":435,"stderr":true,"stdout":"COMET INFO:     comet_log_batch_metrics     : False\n"},"type":"ws_msg"}
{"payload":{"local_timestamp":1713996471372,"message_id":436,"stderr":true,"stdout":"COMET INFO:     comet_log_confusion_matrix  : True\n"},"type":"ws_msg"}
{"payload":{"local_timestamp":1713996471372,"message_id":437,"stderr":true,"stdout":"COMET INFO:     comet_log_per_class_metrics : False\n"},"type":"ws_msg"}
{"payload":{"local_timestamp":1713996471372,"message_id":438,"stderr":true,"stdout":"COMET INFO:     comet_max_image_uploads     : 100\n"},"type":"ws_msg"}
{"payload":{"local_timestamp":1713996471372,"message_id":439,"stderr":true,"stdout":"COMET INFO:     comet_mode                  : online\n"},"type":"ws_msg"}
{"payload":{"local_timestamp":1713996471372,"message_id":440,"stderr":true,"stdout":"COMET INFO:     comet_model_name            : yolov5\n"},"type":"ws_msg"}
{"payload":{"local_timestamp":1713996471372,"message_id":441,"stderr":true,"stdout":"COMET INFO:     hasNestedParams             : True\n"},"type":"ws_msg"}
{"payload":{"local_timestamp":1713996471372,"message_id":442,"stderr":true,"stdout":"COMET INFO:     offline_experiment          : True\n"},"type":"ws_msg"}
{"payload":{"local_timestamp":1713996471373,"message_id":443,"stderr":true,"stdout":"COMET INFO:   Parameters:\n"},"type":"ws_msg"}
{"payload":{"local_timestamp":1713996471373,"message_id":444,"stderr":true,"stdout":"COMET INFO:     anchor_t            : 4.0\n"},"type":"ws_msg"}
{"payload":{"local_timestamp":1713996471373,"message_id":445,"stderr":true,"stdout":"COMET INFO:     artifact_alias      : latest\n"},"type":"ws_msg"}
{"payload":{"local_timestamp":1713996471377,"message_id":446,"stderr":true,"stdout":"COMET INFO:     batch_size          : 24\n"},"type":"ws_msg"}
{"payload":{"local_timestamp":1713996471377,"message_id":447,"stderr":true,"stdout":"COMET INFO:     bbox_interval       : -1\n"},"type":"ws_msg"}
{"payload":{"local_timestamp":1713996471377,"message_id":448,"stderr":true,"stdout":"COMET INFO:     box                 : 0.05\n"},"type":"ws_msg"}
{"payload":{"local_timestamp":1713996471377,"message_id":449,"stderr":true,"stdout":"COMET INFO:     bucket              : \n"},"type":"ws_msg"}
{"payload":{"local_timestamp":1713996471377,"message_id":450,"stderr":true,"stdout":"COMET INFO:     cache               : None\n"},"type":"ws_msg"}
{"payload":{"local_timestamp":1713996471377,"message_id":451,"stderr":true,"stdout":"COMET INFO:     cfg                 : \n"},"type":"ws_msg"}
{"payload":{"local_timestamp":1713996471378,"message_id":452,"stderr":true,"stdout":"COMET INFO:     cls                 : 0.012500000000000002\n"},"type":"ws_msg"}
{"payload":{"local_timestamp":1713996471378,"message_id":453,"stderr":true,"stdout":"COMET INFO:     cls_pw              : 1.0\n"},"type":"ws_msg"}
{"payload":{"local_timestamp":1713996471378,"message_id":454,"stderr":true,"stdout":"COMET INFO:     copy_paste          : 0.0\n"},"type":"ws_msg"}
{"payload":{"local_timestamp":1713996471378,"message_id":455,"stderr":true,"stdout":"COMET INFO:     cos_lr              : False\n"},"type":"ws_msg"}
{"payload":{"local_timestamp":1713996471378,"message_id":456,"stderr":true,"stdout":"COMET INFO:     degrees             : 0.0\n"},"type":"ws_msg"}
{"payload":{"local_timestamp":1713996471378,"message_id":457,"stderr":true,"stdout":"COMET INFO:     device              : \n"},"type":"ws_msg"}
{"payload":{"local_timestamp":1713996471378,"message_id":458,"stderr":true,"stdout":"COMET INFO:     entity              : None\n"},"type":"ws_msg"}
{"payload":{"local_timestamp":1713996471378,"message_id":459,"stderr":true,"stdout":"COMET INFO:     evolve              : None\n"},"type":"ws_msg"}
{"payload":{"local_timestamp":1713996471378,"message_id":460,"stderr":true,"stdout":"COMET INFO:     evolve_population   : data/hyps\n"},"type":"ws_msg"}
{"payload":{"local_timestamp":1713996471378,"message_id":461,"stderr":true,"stdout":"COMET INFO:     exist_ok            : False\n"},"type":"ws_msg"}
{"payload":{"local_timestamp":1713996471378,"message_id":462,"stderr":true,"stdout":"COMET INFO:     fl_gamma            : 0.0\n"},"type":"ws_msg"}
{"payload":{"local_timestamp":1713996471378,"message_id":463,"stderr":true,"stdout":"COMET INFO:     fliplr              : 0.5\n"},"type":"ws_msg"}
{"payload":{"local_timestamp":1713996471378,"message_id":464,"stderr":true,"stdout":"COMET INFO:     flipud              : 0.0\n"},"type":"ws_msg"}
{"payload":{"local_timestamp":1713996471378,"message_id":465,"stderr":true,"stdout":"COMET INFO:     freeze              : [0]\n"},"type":"ws_msg"}
{"payload":{"local_timestamp":1713996471378,"message_id":466,"stderr":true,"stdout":"COMET INFO:     hsv_h               : 0.015\n"},"type":"ws_msg"}
{"payload":{"local_timestamp":1713996471378,"message_id":467,"stderr":true,"stdout":"COMET INFO:     hsv_s               : 0.7\n"},"type":"ws_msg"}
{"payload":{"local_timestamp":1713996471379,"message_id":468,"stderr":true,"stdout":"COMET INFO:     hsv_v               : 0.4\n"},"type":"ws_msg"}
{"payload":{"local_timestamp":1713996471379,"message_id":469,"stderr":true,"stdout":"COMET INFO:     hyp|anchor_t        : 4.0\n"},"type":"ws_msg"}
{"payload":{"local_timestamp":1713996471379,"message_id":470,"stderr":true,"stdout":"COMET INFO:     hyp|box             : 0.05\n"},"type":"ws_msg"}
{"payload":{"local_timestamp":1713996471379,"message_id":471,"stderr":true,"stdout":"COMET INFO:     hyp|cls             : 0.5\n"},"type":"ws_msg"}
{"payload":{"local_timestamp":1713996471379,"message_id":472,"stderr":true,"stdout":"COMET INFO:     hyp|cls_pw          : 1.0\n"},"type":"ws_msg"}
{"payload":{"local_timestamp":1713996471379,"message_id":473,"stderr":true,"stdout":"COMET INFO:     hyp|copy_paste      : 0.0\n"},"type":"ws_msg"}
{"payload":{"local_timestamp":1713996471379,"message_id":474,"stderr":true,"stdout":"COMET INFO:     hyp|degrees         : 0.0\n"},"type":"ws_msg"}
{"payload":{"local_timestamp":1713996471379,"message_id":475,"stderr":true,"stdout":"COMET INFO:     hyp|fl_gamma        : 0.0\n"},"type":"ws_msg"}
{"payload":{"local_timestamp":1713996471379,"message_id":476,"stderr":true,"stdout":"COMET INFO:     hyp|fliplr          : 0.5\n"},"type":"ws_msg"}
{"payload":{"local_timestamp":1713996471379,"message_id":477,"stderr":true,"stdout":"COMET INFO:     hyp|flipud          : 0.0\n"},"type":"ws_msg"}
{"payload":{"local_timestamp":1713996471379,"message_id":478,"stderr":true,"stdout":"COMET INFO:     hyp|hsv_h           : 0.015\n"},"type":"ws_msg"}
{"payload":{"local_timestamp":1713996471379,"message_id":479,"stderr":true,"stdout":"COMET INFO:     hyp|hsv_s           : 0.7\n"},"type":"ws_msg"}
{"payload":{"local_timestamp":1713996471379,"message_id":480,"stderr":true,"stdout":"COMET INFO:     hyp|hsv_v           : 0.4\n"},"type":"ws_msg"}
{"payload":{"local_timestamp":1713996471379,"message_id":481,"stderr":true,"stdout":"COMET INFO:     hyp|iou_t           : 0.2\n"},"type":"ws_msg"}
{"payload":{"local_timestamp":1713996471379,"message_id":482,"stderr":true,"stdout":"COMET INFO:     hyp|lr0             : 0.01\n"},"type":"ws_msg"}
{"payload":{"local_timestamp":1713996471380,"message_id":483,"stderr":true,"stdout":"COMET INFO:     hyp|lrf             : 0.01\n"},"type":"ws_msg"}
{"payload":{"local_timestamp":1713996471380,"message_id":484,"stderr":true,"stdout":"COMET INFO:     hyp|mixup           : 0.0\n"},"type":"ws_msg"}
{"payload":{"local_timestamp":1713996471380,"message_id":485,"stderr":true,"stdout":"COMET INFO:     hyp|momentum        : 0.937\n"},"type":"ws_msg"}
{"payload":{"local_timestamp":1713996471380,"message_id":486,"stderr":true,"stdout":"COMET INFO:     hyp|mosaic          : 1.0\n"},"type":"ws_msg"}
{"payload":{"local_timestamp":1713996471380,"message_id":487,"stderr":true,"stdout":"COMET INFO:     hyp|obj             : 1.0\n"},"type":"ws_msg"}
{"payload":{"local_timestamp":1713996471380,"message_id":488,"stderr":true,"stdout":"COMET INFO:     hyp|obj_pw          : 1.0\n"},"type":"ws_msg"}
{"payload":{"local_timestamp":1713996471380,"message_id":489,"stderr":true,"stdout":"COMET INFO:     hyp|perspective     : 0.0\n"},"type":"ws_msg"}
{"payload":{"local_timestamp":1713996471380,"message_id":490,"stderr":true,"stdout":"COMET INFO:     hyp|scale           : 0.5\n"},"type":"ws_msg"}
{"payload":{"local_timestamp":1713996471380,"message_id":491,"stderr":true,"stdout":"COMET INFO:     hyp|shear           : 0.0\n"},"type":"ws_msg"}
{"payload":{"local_timestamp":1713996471380,"message_id":492,"stderr":true,"stdout":"COMET INFO:     hyp|translate       : 0.1\n"},"type":"ws_msg"}
{"payload":{"local_timestamp":1713996471380,"message_id":493,"stderr":true,"stdout":"COMET INFO:     hyp|warmup_bias_lr  : 0.1\n"},"type":"ws_msg"}
{"payload":{"local_timestamp":1713996471380,"message_id":494,"stderr":true,"stdout":"COMET INFO:     hyp|warmup_epochs   : 3.0\n"},"type":"ws_msg"}
{"payload":{"local_timestamp":1713996471380,"message_id":495,"stderr":true,"stdout":"COMET INFO:     hyp|warmup_momentum : 0.8\n"},"type":"ws_msg"}
{"payload":{"local_timestamp":1713996471380,"message_id":496,"stderr":true,"stdout":"COMET INFO:     hyp|weight_decay    : 0.0005\n"},"type":"ws_msg"}
{"payload":{"local_timestamp":1713996471380,"message_id":497,"stderr":true,"stdout":"COMET INFO:     image_weights       : False\n"},"type":"ws_msg"}
{"payload":{"local_timestamp":1713996471380,"message_id":498,"stderr":true,"stdout":"COMET INFO:     imgsz               : 640\n"},"type":"ws_msg"}
{"payload":{"local_timestamp":1713996471380,"message_id":499,"stderr":true,"stdout":"COMET INFO:     iou_t               : 0.2\n"},"type":"ws_msg"}
{"payload":{"local_timestamp":1713996471380,"message_id":500,"stderr":true,"stdout":"COMET INFO:     label_smoothing     : 0.0\n"},"type":"ws_msg"}
{"payload":{"local_timestamp":1713996471380,"message_id":501,"stderr":true,"stdout":"COMET INFO:     local_rank          : -1\n"},"type":"ws_msg"}
{"payload":{"local_timestamp":1713996471380,"message_id":502,"stderr":true,"stdout":"COMET INFO:     lr0                 : 0.01\n"},"type":"ws_msg"}
{"payload":{"local_timestamp":1713996471381,"message_id":503,"stderr":true,"stdout":"COMET INFO:     lrf                 : 0.01\n"},"type":"ws_msg"}
{"payload":{"local_timestamp":1713996471381,"message_id":504,"stderr":true,"stdout":"COMET INFO:     mixup               : 0.0\n"},"type":"ws_msg"}
{"payload":{"local_timestamp":1713996471381,"message_id":505,"stderr":true,"stdout":"COMET INFO:     momentum            : 0.937\n"},"type":"ws_msg"}
{"payload":{"local_timestamp":1713996471381,"message_id":506,"stderr":true,"stdout":"COMET INFO:     mosaic              : 1.0\n"},"type":"ws_msg"}
{"payload":{"local_timestamp":1713996471381,"message_id":507,"stderr":true,"stdout":"COMET INFO:     multi_scale         : False\n"},"type":"ws_msg"}
{"payload":{"local_timestamp":1713996471381,"message_id":508,"stderr":true,"stdout":"COMET INFO:     ndjson_console      : False\n"},"type":"ws_msg"}
{"payload":{"local_timestamp":1713996471381,"message_id":509,"stderr":true,"stdout":"COMET INFO:     ndjson_file         : False\n"},"type":"ws_msg"}
{"payload":{"local_timestamp":1713996471381,"message_id":510,"stderr":true,"stdout":"COMET INFO:     noautoanchor        : False\n"},"type":"ws_msg"}
{"payload":{"local_timestamp":1713996471381,"message_id":511,"stderr":true,"stdout":"COMET INFO:     noplots             : False\n"},"type":"ws_msg"}
{"payload":{"local_timestamp":1713996471381,"message_id":512,"stderr":true,"stdout":"COMET INFO:     nosave              : False\n"},"type":"ws_msg"}
{"payload":{"local_timestamp":1713996471381,"message_id":513,"stderr":true,"stdout":"COMET INFO:     noval               : False\n"},"type":"ws_msg"}
{"payload":{"local_timestamp":1713996471381,"message_id":514,"stderr":true,"stdout":"COMET INFO:     obj                 : 1.0\n"},"type":"ws_msg"}
{"payload":{"local_timestamp":1713996471381,"message_id":515,"stderr":true,"stdout":"COMET INFO:     obj_pw              : 1.0\n"},"type":"ws_msg"}
{"payload":{"local_timestamp":1713996471382,"message_id":516,"stderr":true,"stdout":"COMET INFO:     optimizer           : SGD\n"},"type":"ws_msg"}
{"payload":{"local_timestamp":1713996471382,"message_id":517,"stderr":true,"stdout":"COMET INFO:     patience            : 100\n"},"type":"ws_msg"}
{"payload":{"local_timestamp":1713996471382,"message_id":518,"stderr":true,"stdout":"COMET INFO:     perspective         : 0.0\n"},"type":"ws_msg"}
{"payload":{"local_timestamp":1713996471382,"message_id":519,"stderr":true,"stdout":"COMET INFO:     project             : runs/train\n"},"type":"ws_msg"}
{"payload":{"local_timestamp":1713996471382,"message_id":520,"stderr":true,"stdout":"COMET INFO:     quad                : False\n"},"type":"ws_msg"}
{"payload":{"local_timestamp":1713996471382,"message_id":521,"stderr":true,"stdout":"COMET INFO:     rect                : False\n"},"type":"ws_msg"}
{"payload":{"local_timestamp":1713996471382,"message_id":522,"stderr":true,"stdout":"COMET INFO:     resume              : False\n"},"type":"ws_msg"}
{"payload":{"local_timestamp":1713996471382,"message_id":523,"stderr":true,"stdout":"COMET INFO:     resume_evolve       : None\n"},"type":"ws_msg"}
{"payload":{"local_timestamp":1713996471382,"message_id":524,"stderr":true,"stdout":"COMET INFO:     save_dir            : runs/train/dataset1_e50_b24\n"},"type":"ws_msg"}
{"payload":{"local_timestamp":1713996471382,"message_id":525,"stderr":true,"stdout":"COMET INFO:     save_period         : -1\n"},"type":"ws_msg"}
{"payload":{"local_timestamp":1713996471382,"message_id":526,"stderr":true,"stdout":"COMET INFO:     scale               : 0.5\n"},"type":"ws_msg"}
{"payload":{"local_timestamp":1713996471382,"message_id":527,"stderr":true,"stdout":"COMET INFO:     seed                : 0\n"},"type":"ws_msg"}
{"payload":{"local_timestamp":1713996471382,"message_id":528,"stderr":true,"stdout":"COMET INFO:     shear               : 0.0\n"},"type":"ws_msg"}
{"payload":{"local_timestamp":1713996471382,"message_id":529,"stderr":true,"stdout":"COMET INFO:     single_cls          : False\n"},"type":"ws_msg"}
{"payload":{"local_timestamp":1713996471382,"message_id":530,"stderr":true,"stdout":"COMET INFO:     sync_bn             : False\n"},"type":"ws_msg"}
{"payload":{"local_timestamp":1713996471383,"message_id":531,"stderr":true,"stdout":"COMET INFO:     translate           : 0.1\n"},"type":"ws_msg"}
{"payload":{"local_timestamp":1713996471383,"message_id":532,"stderr":true,"stdout":"COMET INFO:     upload_dataset      : False\n"},"type":"ws_msg"}
{"payload":{"local_timestamp":1713996471383,"message_id":533,"stderr":true,"stdout":"COMET INFO:     val_conf_threshold  : 0.001\n"},"type":"ws_msg"}
{"payload":{"local_timestamp":1713996471383,"message_id":534,"stderr":true,"stdout":"COMET INFO:     val_iou_threshold   : 0.6\n"},"type":"ws_msg"}
{"payload":{"local_timestamp":1713996471383,"message_id":535,"stderr":true,"stdout":"COMET INFO:     warmup_bias_lr      : 0.1\n"},"type":"ws_msg"}
{"payload":{"local_timestamp":1713996471383,"message_id":536,"stderr":true,"stdout":"COMET INFO:     warmup_epochs       : 3.0\n"},"type":"ws_msg"}
{"payload":{"local_timestamp":1713996471383,"message_id":537,"stderr":true,"stdout":"COMET INFO:     warmup_momentum     : 0.8\n"},"type":"ws_msg"}
{"payload":{"local_timestamp":1713996471383,"message_id":538,"stderr":true,"stdout":"COMET INFO:     weight_decay        : 0.0005625000000000001\n"},"type":"ws_msg"}
{"payload":{"local_timestamp":1713996471383,"message_id":539,"stderr":true,"stdout":"COMET INFO:     workers             : 8\n"},"type":"ws_msg"}
{"payload":{"local_timestamp":1713996471383,"message_id":540,"stderr":true,"stdout":"COMET INFO:   Uploads:\n"},"type":"ws_msg"}
{"payload":{"local_timestamp":1713996471383,"message_id":541,"stderr":true,"stdout":"COMET INFO:     asset               : 5 (366.80 KB)\n"},"type":"ws_msg"}
{"payload":{"local_timestamp":1713996471383,"message_id":542,"stderr":true,"stdout":"COMET INFO:     environment details : 1\n"},"type":"ws_msg"}
{"payload":{"local_timestamp":1713996471383,"message_id":543,"stderr":true,"stdout":"COMET INFO:     git metadata        : 1\n"},"type":"ws_msg"}
{"payload":{"local_timestamp":1713996471383,"message_id":544,"stderr":true,"stdout":"COMET INFO:     installed packages  : 1\n"},"type":"ws_msg"}
{"payload":{"local_timestamp":1713996471384,"message_id":545,"stderr":true,"stdout":"COMET INFO: \n"},"type":"ws_msg"}
